GEO_SPATIAL_KEY,SUBZONE,PLANNING_AREA
14209,DEPOT ROAD,Bukit Merah
14211,TELOK BLANGAH DRIVE,Bukit Merah
14219,DEPOT ROAD,Bukit Merah
14221,TANJONG PAGAR_BUKIT MERAH,Bukit Merah
14229,TELOK BLANGAH RISE,Bukit Merah
14231,TANJONG PAGAR_BUKIT MERAH,Bukit Merah
14239,TANJONG PAGAR_BUKIT MERAH,Bukit Merah
14241,TELOK BLANGAH DRIVE,Bukit Merah
14249,TELOK BLANGAH WAY,Bukit Merah
14259,TELOK BLANGAH WAY,Bukit Merah
14269,TELOK BLANGAH WAY,Bukit Merah
14271,MARITIME SQUARE,Bukit Merah
14279,TELOK BLANGAH WAY,Bukit Merah
14281,MARITIME SQUARE,Bukit Merah
14291,TELOK BLANGAH RISE,Bukit Merah
14299,TELOK BLANGAH WAY,Bukit Merah
14309,TELOK BLANGAH RISE,Bukit Merah
14319,TELOK BLANGAH RISE,Bukit Merah
14329,TELOK BLANGAH DRIVE,Bukit Merah
14331,TELOK BLANGAH DRIVE,Bukit Merah
14339,TELOK BLANGAH DRIVE,Bukit Merah
14341,TELOK BLANGAH DRIVE,Bukit Merah
14349,TELOK BLANGAH DRIVE,Bukit Merah
14351,TELOK BLANGAH DRIVE,Bukit Merah
14359,TELOK BLANGAH DRIVE,Bukit Merah
14369,DEPOT ROAD,Bukit Merah
14379,TELOK BLANGAH RISE,Bukit Merah
14381,TELOK BLANGAH RISE,Bukit Merah
14389,TELOK BLANGAH RISE,Bukit Merah
14391,TELOK BLANGAH DRIVE,Bukit Merah
14399,TELOK BLANGAH DRIVE,Bukit Merah
14401,MARITIME SQUARE,Bukit Merah
14409,MARITIME SQUARE,Bukit Merah
14419,MARITIME SQUARE,Bukit Merah
14429,MARITIME SQUARE,Bukit Merah
14431,MARITIME SQUARE,Bukit Merah
14441,MARITIME SQUARE,Bukit Merah
14451,MARITIME SQUARE,Bukit Merah
14461,MARITIME SQUARE,Bukit Merah
14471,TELOK BLANGAH DRIVE,Bukit Merah
14489,TELOK BLANGAH RISE,Bukit Merah
14491,TELOK BLANGAH DRIVE,Bukit Merah
14499,TELOK BLANGAH DRIVE,Bukit Merah
14519,SENTOSA,Southern Islands
15041,PASIR PANJANG 2,Queenstown
15049,TELOK BLANGAH DRIVE,Bukit Merah
15051,PASIR PANJANG 2,Queenstown
15059,TELOK BLANGAH DRIVE,Bukit Merah
15071,PASIR PANJANG 1,Queenstown
15079,PASIR PANJANG 2,Queenstown
15091,KENT RIDGE,Queenstown
15099,KENT RIDGE,Queenstown
15101,PASIR PANJANG 1,Queenstown
15109,KENT RIDGE,Queenstown
15111,PASIR PANJANG 1,Queenstown
15119,KENT RIDGE,Queenstown
15121,PASIR PANJANG 1,Queenstown
15131,NATIONAL UNIVERSITY OF S'PORE,Queenstown
15139,KENT RIDGE,Queenstown
15141,PORT,Queenstown
15149,PASIR PANJANG 2,Queenstown
15151,PORT,Queenstown
15159,PASIR PANJANG 2,Queenstown
15161,PORT,Queenstown
15169,PASIR PANJANG 2,Queenstown
15181,KENT RIDGE,Queenstown
15189,KENT RIDGE,Queenstown
15191,PORT,Queenstown
15199,PASIR PANJANG 2,Queenstown
15201,PORT,Queenstown
15209,PASIR PANJANG 2,Queenstown
15211,PORT,Queenstown
15219,PASIR PANJANG 2,Queenstown
15221,PASIR PANJANG 1,Queenstown
15229,PASIR PANJANG 1,Queenstown
16009,NATIONAL UNIVERSITY OF S'PORE,Queenstown
16011,PASIR PANJANG 1,Queenstown
16019,PASIR PANJANG 1,Queenstown
16021,PASIR PANJANG 1,Queenstown
16029,PASIR PANJANG 1,Queenstown
16031,PASIR PANJANG 1,Queenstown
16039,PASIR PANJANG 1,Queenstown
16041,PASIR PANJANG 1,Queenstown
16049,PASIR PANJANG 1,Queenstown
16051,PASIR PANJANG 1,Queenstown
16059,PASIR PANJANG 1,Queenstown
16061,PASIR PANJANG 1,Queenstown
16069,PASIR PANJANG 1,Queenstown
16071,PASIR PANJANG 1,Queenstown
16079,PASIR PANJANG 1,Queenstown
16081,PASIR PANJANG 1,Queenstown
16089,PASIR PANJANG 1,Queenstown
16091,NATIONAL UNIVERSITY OF S'PORE,Queenstown
16099,DOVER,Queenstown
16101,PASIR PANJANG 1,Queenstown
16109,PASIR PANJANG 1,Queenstown
16111,PASIR PANJANG 1,Queenstown
16119,PASIR PANJANG 1,Queenstown
16121,PASIR PANJANG 1,Queenstown
16131,CLEMENTI WOODS,Clementi
16139,NATIONAL UNIVERSITY OF S'PORE,Queenstown
16141,CLEMENTI WOODS,Clementi
16149,NATIONAL UNIVERSITY OF S'PORE,Queenstown
16151,CLEMENTI WOODS,Clementi
16159,NATIONAL UNIVERSITY OF S'PORE,Queenstown
16161,NATIONAL UNIVERSITY OF S'PORE,Queenstown
16169,NATIONAL UNIVERSITY OF S'PORE,Queenstown
16171,NATIONAL UNIVERSITY OF S'PORE,Queenstown
16179,NATIONAL UNIVERSITY OF S'PORE,Queenstown
16181,NATIONAL UNIVERSITY OF S'PORE,Queenstown
16189,NATIONAL UNIVERSITY OF S'PORE,Queenstown
16191,NATIONAL UNIVERSITY OF S'PORE,Queenstown
16199,NATIONAL UNIVERSITY OF S'PORE,Queenstown
16201,PASIR PANJANG 1,Queenstown
16209,PASIR PANJANG 1,Queenstown
16211,PORT,Queenstown
16219,PASIR PANJANG 1,Queenstown
16221,PORT,Queenstown
16229,PASIR PANJANG 1,Queenstown
16231,PORT,Queenstown
16239,PASIR PANJANG 1,Queenstown
16241,PASIR PANJANG 1,Queenstown
16249,PORT,Queenstown
16891,CLEMENTI WOODS,Clementi
16991,CLEMENTI WOODS,Clementi
17009,CLEMENTI CENTRAL,Clementi
17011,CLEMENTI WEST,Clementi
17019,CLEMENTI WEST,Clementi
17021,CLEMENTI WEST,Clementi
17029,CLEMENTI WOODS,Clementi
17031,CLEMENTI WEST,Clementi
17039,CLEMENTI WOODS,Clementi
17041,CLEMENTI WEST,Clementi
17049,CLEMENTI WOODS,Clementi
17051,CLEMENTI CENTRAL,Clementi
17059,FABER,Clementi
17061,CLEMENTI WEST,Clementi
17069,CLEMENTI CENTRAL,Clementi
17071,CLEMENTI WEST,Clementi
17079,CLEMENTI CENTRAL,Clementi
17081,CLEMENTI WEST,Clementi
17091,CLEMENTI WOODS,Clementi
17099,DOVER,Queenstown
17101,CLEMENTI WOODS,Clementi
17109,SINGAPORE POLYTECHNIC,Queenstown
17111,CLEMENTI NORTH,Clementi
17119,SINGAPORE POLYTECHNIC,Queenstown
17121,CLEMENTI WOODS,Clementi
17129,CLEMENTI WOODS,Clementi
17131,CLEMENTI WOODS,Clementi
17139,CLEMENTI CENTRAL,Clementi
17141,CLEMENTI CENTRAL,Clementi
17149,CLEMENTI CENTRAL,Clementi
17151,CLEMENTI WOODS,Clementi
17159,CLEMENTI WOODS,Clementi
17161,CLEMENTI CENTRAL,Clementi
17169,CLEMENTI NORTH,Clementi
17171,CLEMENTI CENTRAL,Clementi
17179,CLEMENTI NORTH,Clementi
17181,CLEMENTI CENTRAL,Clementi
17189,CLEMENTI NORTH,Clementi
17191,CLEMENTI WOODS,Clementi
17201,CLEMENTI NORTH,Clementi
17211,CLEMENTI NORTH,Clementi
17219,CLEMENTI NORTH,Clementi
17221,CLEMENTI NORTH,Clementi
17229,CLEMENTI NORTH,Clementi
17239,CLEMENTI CENTRAL,Clementi
17241,CLEMENTI NORTH,Clementi
17249,CLEMENTI WOODS,Clementi
17251,CLEMENTI WOODS,Clementi
17259,CLEMENTI WOODS,Clementi
17269,CLEMENTI WEST,Clementi
17279,CLEMENTI WEST,Clementi
17289,CLEMENTI WEST,Clementi
17291,PORT,Queenstown
17299,PASIR PANJANG 1,Queenstown
17301,PORT,Queenstown
17309,CLEMENTI WEST,Clementi
17311,PORT,Queenstown
17319,CLEMENTI WEST,Clementi
17321,PANDAN,Clementi
17329,CLEMENTI WEST,Clementi
17331,PANDAN,Clementi
17339,CLEMENTI WEST,Clementi
17349,PORT,Queenstown
17351,PORT,Queenstown
17359,CLEMENTI WEST,Clementi
17361,PORT,Queenstown
17369,CLEMENTI WEST,Clementi
17371,CLEMENTI NORTH,Clementi
17379,CLEMENTI NORTH,Clementi
17381,CLEMENTI WEST,Clementi
17389,CLEMENTI WOODS,Clementi
17399,SUNSET WAY,Clementi
17409,SUNSET WAY,Clementi
17419,SUNSET WAY,Clementi
17429,SUNSET WAY,Clementi
18011,KENT RIDGE,Queenstown
18019,TELOK BLANGAH DRIVE,Bukit Merah
18021,ONE NORTH,Queenstown
18029,ONE NORTH,Queenstown
18039,ONE NORTH,Queenstown
18041,KENT RIDGE,Queenstown
18049,ONE NORTH,Queenstown
18051,ONE NORTH,Queenstown
18059,ONE NORTH,Queenstown
18061,ONE NORTH,Queenstown
18069,ONE NORTH,Queenstown
18071,NATIONAL UNIVERSITY OF S'PORE,Queenstown
18079,ONE NORTH,Queenstown
18081,ONE NORTH,Queenstown
18089,ONE NORTH,Queenstown
18099,ONE NORTH,Queenstown
18101,KENT RIDGE,Queenstown
18109,ONE NORTH,Queenstown
18111,DOVER,Queenstown
18119,DOVER,Queenstown
18121,ONE NORTH,Queenstown
18129,ONE NORTH,Queenstown
18131,KENT RIDGE,Queenstown
18141,ONE NORTH,Queenstown
18149,ONE NORTH,Queenstown
18151,ONE NORTH,Queenstown
18159,ONE NORTH,Queenstown
18171,TANGLIN HALT,Queenstown
18179,ONE NORTH,Queenstown
18181,ONE NORTH,Queenstown
18189,ONE NORTH,Queenstown
18191,ONE NORTH,Queenstown
18199,ONE NORTH,Queenstown
18209,ONE NORTH,Queenstown
18211,ONE NORTH,Queenstown
18221,NATIONAL UNIVERSITY OF S'PORE,Queenstown
18239,NATIONAL UNIVERSITY OF S'PORE,Queenstown
18241,KENT RIDGE,Queenstown
18249,KENT RIDGE,Queenstown
18251,KENT RIDGE,Queenstown
18261,KENT RIDGE,Queenstown
18269,KENT RIDGE,Queenstown
18279,KENT RIDGE,Queenstown
18301,NATIONAL UNIVERSITY OF S'PORE,Queenstown
18309,NATIONAL UNIVERSITY OF S'PORE,Queenstown
18311,NATIONAL UNIVERSITY OF S'PORE,Queenstown
18319,NATIONAL UNIVERSITY OF S'PORE,Queenstown
18321,NATIONAL UNIVERSITY OF S'PORE,Queenstown
18329,NATIONAL UNIVERSITY OF S'PORE,Queenstown
18331,NATIONAL UNIVERSITY OF S'PORE,Queenstown
18339,NATIONAL UNIVERSITY OF S'PORE,Queenstown
19011,DOVER,Queenstown
19019,SINGAPORE POLYTECHNIC,Queenstown
19021,SINGAPORE POLYTECHNIC,Queenstown
19029,SINGAPORE POLYTECHNIC,Queenstown
19031,SINGAPORE POLYTECHNIC,Queenstown
19039,SINGAPORE POLYTECHNIC,Queenstown
19041,SINGAPORE POLYTECHNIC,Queenstown
19049,SINGAPORE POLYTECHNIC,Queenstown
19051,SINGAPORE POLYTECHNIC,Queenstown
19059,DOVER,Queenstown
19061,SINGAPORE POLYTECHNIC,Queenstown
19069,DOVER,Queenstown
19071,DOVER,Queenstown
19079,DOVER,Queenstown
19081,DOVER,Queenstown
19089,DOVER,Queenstown
19091,DOVER,Queenstown
19099,DOVER,Queenstown
20011,CLEMENTI CENTRAL,Clementi
20019,CLEMENTI CENTRAL,Clementi
20021,WEST COAST,Clementi
20029,FABER,Clementi
20031,WEST COAST,Clementi
20039,FABER,Clementi
20051,TEBAN GARDENS,Jurong East
20059,INTERNATIONAL BUSINESS PARK,Jurong East
20061,TEBAN GARDENS,Jurong East
20069,JURONG LAKE,Jurong East
20081,TEBAN GARDENS,Jurong East
20089,JURONG LAKE,Jurong East
20101,FABER,Clementi
20109,CLEMENTI NORTH,Clementi
20121,TEBAN GARDENS,Jurong East
20129,TEBAN GARDENS,Jurong East
20131,PANDAN,Clementi
20139,WEST COAST,Clementi
20141,TEBAN GARDENS,Jurong East
20149,TEBAN GARDENS,Jurong East
20151,TEBAN GARDENS,Jurong East
20159,TEBAN GARDENS,Jurong East
20161,TEBAN GARDENS,Jurong East
20169,TEBAN GARDENS,Jurong East
20171,TEBAN GARDENS,Jurong East
20179,TEBAN GARDENS,Jurong East
20181,TEBAN GARDENS,Jurong East
20189,TEBAN GARDENS,Jurong East
20191,TEBAN GARDENS,Jurong East
20199,TEBAN GARDENS,Jurong East
20201,TEBAN GARDENS,Jurong East
20209,TEBAN GARDENS,Jurong East
20211,TEBAN GARDENS,Jurong East
20219,TEBAN GARDENS,Jurong East
20231,TEBAN GARDENS,Jurong East
20239,TEBAN GARDENS,Jurong East
20241,JURONG RIVER,Jurong East
20249,TEBAN GARDENS,Jurong East
20251,TEBAN GARDENS,Jurong East
20259,TEBAN GARDENS,Jurong East
20261,TEBAN GARDENS,Jurong East
20269,TEBAN GARDENS,Jurong East
20271,JURONG LAKE,Jurong East
20281,PANDAN,Clementi
20289,WEST COAST,Clementi
20291,CLEMENTI WEST,Clementi
20299,CLEMENTI CENTRAL,Clementi
20309,PANDAN,Clementi
20311,PANDAN,Clementi
20319,PANDAN,Clementi
20329,PANDAN,Clementi
20331,PANDAN,Clementi
20341,PANDAN,Clementi
21011,JURONG RIVER,Jurong East
21019,JURONG LAKE,Jurong East
21021,JURONG RIVER,Jurong East
21029,TAMAN JURONG,Jurong West
21041,LIU FANG,Boon Lay
21049,JURONG RIVER,Jurong East
21069,JURONG PORT,Jurong East
21071,JURONG RIVER,Jurong East
21079,JURONG PORT,Jurong East
21089,JURONG PORT,Jurong East
21099,JURONG PORT,Jurong East
21109,JURONG PORT,Jurong East
21111,LIU FANG,Boon Lay
21119,JURONG PORT,Jurong East
21121,LIU FANG,Boon Lay
21129,JURONG PORT,Jurong East
21131,LIU FANG,Boon Lay
21139,JURONG PORT,Jurong East
21141,LIU FANG,Boon Lay
21149,JURONG RIVER,Jurong East
21151,LIU FANG,Boon Lay
21159,JURONG RIVER,Jurong East
21161,BOON LAY_JURONG WEST,Jurong West
21169,HONG KAH_JURONG WEST,Jurong West
21171,TUKANG,Boon Lay
21179,TAMAN JURONG,Jurong West
21181,TUKANG,Boon Lay
21189,TAMAN JURONG,Jurong West
21191,TAMAN JURONG,Jurong West
21199,TAMAN JURONG,Jurong West
21201,CHIN BEE,Jurong West
21209,TAMAN JURONG,Jurong West
21211,CHIN BEE,Jurong West
21219,TAMAN JURONG,Jurong West
21229,TAMAN JURONG,Jurong West
21231,HONG KAH_JURONG WEST,Jurong West
21239,HONG KAH_JURONG WEST,Jurong West
21241,BOON LAY_JURONG WEST,Jurong West
21249,BOON LAY_JURONG WEST,Jurong West
21251,CHIN BEE,Jurong West
21259,CHIN BEE,Jurong West
21261,CHIN BEE,Jurong West
21269,CHIN BEE,Jurong West
21271,TAMAN JURONG,Jurong West
21279,TAMAN JURONG,Jurong West
21291,LIU FANG,Boon Lay
21299,LIU FANG,Boon Lay
21301,LIU FANG,Boon Lay
21309,LIU FANG,Boon Lay
21311,TUKANG,Boon Lay
21319,TUKANG,Boon Lay
21321,TUKANG,Boon Lay
21329,TUKANG,Boon Lay
21331,KIAN TECK,Jurong West
21339,CHIN BEE,Jurong West
21341,KIAN TECK,Jurong West
21349,CHIN BEE,Jurong West
21351,KIAN TECK,Jurong West
21359,CHIN BEE,Jurong West
21361,CENTRAL_JURONG WEST,Jurong West
21369,BOON LAY_JURONG WEST,Jurong West
21371,CENTRAL_JURONG WEST,Jurong West
21379,BOON LAY_JURONG WEST,Jurong West
21381,WENYA,Jurong West
21389,BOON LAY_JURONG WEST,Jurong West
21391,BOON LAY_JURONG WEST,Jurong West
21399,BOON LAY_JURONG WEST,Jurong West
21409,BOON LAY_JURONG WEST,Jurong West
21411,BOON LAY_JURONG WEST,Jurong West
21419,BOON LAY_JURONG WEST,Jurong West
21421,BOON LAY_JURONG WEST,Jurong West
21429,BOON LAY_JURONG WEST,Jurong West
21431,BOON LAY_JURONG WEST,Jurong West
21439,BOON LAY_JURONG WEST,Jurong West
21441,BOON LAY_JURONG WEST,Jurong West
21449,BOON LAY_JURONG WEST,Jurong West
21451,BOON LAY_JURONG WEST,Jurong West
21459,BOON LAY_JURONG WEST,Jurong West
21461,TUKANG,Boon Lay
21469,TUKANG,Boon Lay
21471,TUKANG,Boon Lay
21479,TUKANG,Boon Lay
21481,TUKANG,Boon Lay
21489,TUKANG,Boon Lay
21491,TUKANG,Boon Lay
21499,TUKANG,Boon Lay
21501,CHIN BEE,Jurong West
21509,CHIN BEE,Jurong West
21511,CHIN BEE,Jurong West
21519,CHIN BEE,Jurong West
21521,CHIN BEE,Jurong West
21529,CHIN BEE,Jurong West
21531,CHIN BEE,Jurong West
21539,CHIN BEE,Jurong West
21541,TAMAN JURONG,Jurong West
21549,TUKANG,Boon Lay
21551,TAMAN JURONG,Jurong West
21559,TAMAN JURONG,Jurong West
21561,TAMAN JURONG,Jurong West
21569,TAMAN JURONG,Jurong West
21571,TAMAN JURONG,Jurong West
21579,TAMAN JURONG,Jurong West
21581,TAMAN JURONG,Jurong West
21589,TAMAN JURONG,Jurong West
21591,TAMAN JURONG,Jurong West
21599,TAMAN JURONG,Jurong West
21601,TAMAN JURONG,Jurong West
21609,TAMAN JURONG,Jurong West
21611,TAMAN JURONG,Jurong West
21619,TAMAN JURONG,Jurong West
21621,TAMAN JURONG,Jurong West
21629,TAMAN JURONG,Jurong West
21631,JURONG LAKE,Jurong East
21639,JURONG LAKE,Jurong East
21641,JURONG LAKE,Jurong East
21649,JURONG LAKE,Jurong East
21651,TAMAN JURONG,Jurong West
21659,JURONG LAKE,Jurong East
21661,TAMAN JURONG,Jurong West
21669,TAMAN JURONG,Jurong West
21671,TAMAN JURONG,Jurong West
21679,TAMAN JURONG,Jurong West
21681,CHIN BEE,Jurong West
21689,BOON LAY_JURONG WEST,Jurong West
21691,CHIN BEE,Jurong West
21699,BOON LAY_JURONG WEST,Jurong West
21711,HONG KAH_JURONG WEST,Jurong West
21719,BOON LAY_JURONG WEST,Jurong West
21751,TAMAN JURONG,Jurong West
21759,JURONG LAKE,Jurong East
21761,TAMAN JURONG,Jurong West
21769,JURONG LAKE,Jurong East
21771,TAMAN JURONG,Jurong West
21779,TAMAN JURONG,Jurong West
22009,CENTRAL_JURONG WEST,Jurong West
22011,LIU FANG,Boon Lay
22019,TUKANG,Boon Lay
22021,LIU FANG,Boon Lay
22029,TUKANG,Boon Lay
22031,LIU FANG,Boon Lay
22039,TUKANG,Boon Lay
22041,LIU FANG,Boon Lay
22049,SAMULUN,Boon Lay
22051,LIU FANG,Boon Lay
22059,SAMULUN,Boon Lay
22061,LIU FANG,Boon Lay
22069,SAMULUN,Boon Lay
22071,LIU FANG,Boon Lay
22079,SAMULUN,Boon Lay
22081,SAMULUN,Boon Lay
22089,SAMULUN,Boon Lay
22091,SHIPYARD,Boon Lay
22099,SAMULUN,Boon Lay
22141,LIU FANG,Boon Lay
22149,BENOI SECTOR,Pioneer
22151,BENOI SECTOR,Pioneer
22159,LIU FANG,Boon Lay
22161,JOO KOON,Pioneer
22169,TUKANG,Boon Lay
22171,KIAN TECK,Jurong West
22179,KIAN TECK,Jurong West
22181,KIAN TECK,Jurong West
22189,KIAN TECK,Jurong West
22191,KIAN TECK,Jurong West
22199,KIAN TECK,Jurong West
22219,TUKANG,Boon Lay
22221,KIAN TECK,Jurong West
22229,TUKANG,Boon Lay
22231,CENTRAL_JURONG WEST,Jurong West
22239,CENTRAL_JURONG WEST,Jurong West
22241,CENTRAL_JURONG WEST,Jurong West
22249,CENTRAL_JURONG WEST,Jurong West
22251,CENTRAL_JURONG WEST,Jurong West
22259,CENTRAL_JURONG WEST,Jurong West
22271,KIAN TECK,Jurong West
22281,KIAN TECK,Jurong West
22289,KIAN TECK,Jurong West
22299,KIAN TECK,Jurong West
22309,KIAN TECK,Jurong West
22319,KIAN TECK,Jurong West
22329,KIAN TECK,Jurong West
22331,SAMULUN,Boon Lay
22341,CENTRAL_JURONG WEST,Jurong West
22349,YUNNAN,Jurong West
22351,CENTRAL_JURONG WEST,Jurong West
22359,YUNNAN,Jurong West
22361,CENTRAL_JURONG WEST,Jurong West
22369,YUNNAN,Jurong West
22391,SHIPYARD,Boon Lay
22399,SAMULUN,Boon Lay
22401,SHIPYARD,Boon Lay
22409,SAMULUN,Boon Lay
22411,CENTRAL_JURONG WEST,Jurong West
22419,YUNNAN,Jurong West
22421,SAMULUN,Boon Lay
22429,SAMULUN,Boon Lay
22431,KIAN TECK,Jurong West
22439,KIAN TECK,Jurong West
22441,CENTRAL_JURONG WEST,Jurong West
22449,CENTRAL_JURONG WEST,Jurong West
22451,YUNNAN,Jurong West
22459,CENTRAL_JURONG WEST,Jurong West
22461,YUNNAN,Jurong West
22469,CENTRAL_JURONG WEST,Jurong West
22471,YUNNAN,Jurong West
22479,KIAN TECK,Jurong West
22481,CENTRAL_JURONG WEST,Jurong West
22489,CENTRAL_JURONG WEST,Jurong West
22491,CENTRAL_JURONG WEST,Jurong West
22499,CENTRAL_JURONG WEST,Jurong West
22501,CENTRAL_JURONG WEST,Jurong West
22509,CENTRAL_JURONG WEST,Jurong West
22511,CENTRAL_JURONG WEST,Jurong West
22519,CENTRAL_JURONG WEST,Jurong West
22521,CENTRAL_JURONG WEST,Jurong West
22529,CENTRAL_JURONG WEST,Jurong West
22531,CENTRAL_JURONG WEST,Jurong West
22539,CENTRAL_JURONG WEST,Jurong West
22541,CENTRAL_JURONG WEST,Jurong West
22549,KIAN TECK,Jurong West
22551,CENTRAL_JURONG WEST,Jurong West
22559,KIAN TECK,Jurong West
22561,CENTRAL_JURONG WEST,Jurong West
22569,KIAN TECK,Jurong West
22591,CENTRAL_JURONG WEST,Jurong West
22599,CENTRAL_JURONG WEST,Jurong West
22609,KIAN TECK,Jurong West
23009,JURONG ISLAND,Western Islands
23011,BENOI SECTOR,Pioneer
23019,JOO KOON,Pioneer
23021,BENOI SECTOR,Pioneer
23029,JOO KOON,Pioneer
23031,BENOI SECTOR,Pioneer
23039,JOO KOON,Pioneer
23041,KIAN TECK,Jurong West
23049,SAFTI,Jurong West
23051,KIAN TECK,Jurong West
23059,SAFTI,Jurong West
23061,KIAN TECK,Jurong West
23069,SAFTI,Jurong West
23071,KIAN TECK,Jurong West
23079,SAFTI,Jurong West
23081,JOO KOON,Pioneer
23089,SAFTI,Jurong West
23091,JOO KOON,Pioneer
23099,JOO KOON,Pioneer
23101,JOO KOON,Pioneer
23109,JOO KOON,Pioneer
23111,JOO KOON,Pioneer
23119,JOO KOON,Pioneer
23121,JOO KOON,Pioneer
23129,JOO KOON,Pioneer
23131,JOO KOON,Pioneer
23139,JOO KOON,Pioneer
23141,JOO KOON,Pioneer
23149,JOO KOON,Pioneer
23151,KIAN TECK,Jurong West
23159,JOO KOON,Pioneer
23161,KIAN TECK,Jurong West
23169,JOO KOON,Pioneer
23171,KIAN TECK,Jurong West
23179,JOO KOON,Pioneer
23181,KIAN TECK,Jurong West
23189,JOO KOON,Pioneer
23191,BENOI SECTOR,Pioneer
23199,BENOI SECTOR,Pioneer
23201,BENOI SECTOR,Pioneer
23209,BENOI SECTOR,Pioneer
23211,BENOI SECTOR,Pioneer
23219,BENOI SECTOR,Pioneer
23221,GUL CIRCLE,Pioneer
23229,GUL BASIN,Pioneer
23231,GUL CIRCLE,Pioneer
23239,GUL BASIN,Pioneer
23241,BENOI SECTOR,Pioneer
23249,GUL BASIN,Pioneer
23251,BENOI SECTOR,Pioneer
23259,SHIPYARD,Boon Lay
23261,BENOI SECTOR,Pioneer
23269,SHIPYARD,Boon Lay
23271,BENOI SECTOR,Pioneer
23279,SHIPYARD,Boon Lay
23281,GUL BASIN,Pioneer
23291,GUL BASIN,Pioneer
23301,GUL BASIN,Pioneer
23311,GUL BASIN,Pioneer
23321,GUL BASIN,Pioneer
23331,GUL BASIN,Pioneer
23341,GUL CIRCLE,Pioneer
23349,BENOI SECTOR,Pioneer
23351,GUL CIRCLE,Pioneer
23359,BENOI SECTOR,Pioneer
23361,GUL CIRCLE,Pioneer
23369,BENOI SECTOR,Pioneer
23371,JOO KOON,Pioneer
23379,JOO KOON,Pioneer
23381,SHIPYARD,Boon Lay
23389,SHIPYARD,Boon Lay
23391,SHIPYARD,Boon Lay
23399,SHIPYARD,Boon Lay
23401,SHIPYARD,Boon Lay
23409,SHIPYARD,Boon Lay
23411,SHIPYARD,Boon Lay
23419,SHIPYARD,Boon Lay
23421,SHIPYARD,Boon Lay
23429,SHIPYARD,Boon Lay
23431,SHIPYARD,Boon Lay
23439,SHIPYARD,Boon Lay
23441,GUL CIRCLE,Pioneer
23449,BENOI SECTOR,Pioneer
23451,SAMULUN,Boon Lay
23461,SAMULUN,Boon Lay
23469,SAMULUN,Boon Lay
23471,BENOI SECTOR,Pioneer
23479,BENOI SECTOR,Pioneer
23481,KIAN TECK,Jurong West
23489,JOO KOON,Pioneer
23491,JOO KOON,Pioneer
23499,JOO KOON,Pioneer
23501,JOO KOON,Pioneer
23509,JOO KOON,Pioneer
23511,JURONG ISLAND,Western Islands
23519,JURONG ISLAND,Western Islands
23521,JURONG ISLAND,Western Islands
23529,JURONG ISLAND,Western Islands
23531,JURONG ISLAND,Western Islands
23539,JURONG ISLAND,Western Islands
23541,JURONG ISLAND,Western Islands
23549,JURONG ISLAND,Western Islands
23551,JURONG ISLAND,Western Islands
23559,JURONG ISLAND,Western Islands
23569,JURONG ISLAND,Western Islands
23579,JURONG ISLAND,Western Islands
23581,JURONG ISLAND,Western Islands
23589,JURONG ISLAND,Western Islands
23591,JURONG ISLAND,Western Islands
23599,JURONG ISLAND,Western Islands
23601,JURONG ISLAND,Western Islands
23611,JURONG ISLAND,Western Islands
23621,JURONG ISLAND,Western Islands
23629,JURONG ISLAND,Western Islands
23631,JURONG ISLAND,Western Islands
23641,JURONG ISLAND,Western Islands
23649,JURONG ISLAND,Western Islands
23659,JURONG ISLAND,Western Islands
23669,JURONG ISLAND,Western Islands
23671,JURONG ISLAND,Western Islands
23679,JURONG ISLAND,Western Islands
23681,JURONG ISLAND,Western Islands
23689,JURONG ISLAND,Western Islands
23691,JURONG ISLAND,Western Islands
23699,JURONG ISLAND,Western Islands
24011,GUL CIRCLE,Pioneer
24019,JOO KOON,Pioneer
24021,GUL CIRCLE,Pioneer
24029,JOO KOON,Pioneer
24041,JOO KOON,Pioneer
24049,WESTERN WATER CATCHMENT,Western Water Catchment
24089,GUL CIRCLE,Pioneer
24129,JOO KOON,Pioneer
24139,JOO KOON,Pioneer
24149,JOO KOON,Pioneer
24159,JOO KOON,Pioneer
24169,GUL CIRCLE,Pioneer
24179,GUL CIRCLE,Pioneer
24189,GUL CIRCLE,Pioneer
24199,GUL CIRCLE,Pioneer
24209,GUL CIRCLE,Pioneer
24219,GUL CIRCLE,Pioneer
24229,GUL CIRCLE,Pioneer
24239,GUL CIRCLE,Pioneer
24249,GUL CIRCLE,Pioneer
24259,GUL CIRCLE,Pioneer
24269,GUL CIRCLE,Pioneer
24279,GUL CIRCLE,Pioneer
24289,GUL CIRCLE,Pioneer
24299,GUL CIRCLE,Pioneer
24301,GUL CIRCLE,Pioneer
24331,GUL CIRCLE,Pioneer
24339,GUL BASIN,Pioneer
24341,PIONEER SECTOR,Pioneer
24349,GUL BASIN,Pioneer
24351,PIONEER SECTOR,Pioneer
24359,GUL BASIN,Pioneer
24369,GUL BASIN,Pioneer
24379,GUL BASIN,Pioneer
24381,GUL BASIN,Pioneer
24389,GUL BASIN,Pioneer
24391,PIONEER SECTOR,Pioneer
24401,PIONEER SECTOR,Pioneer
24411,PIONEER SECTOR,Pioneer
24421,PIONEER SECTOR,Pioneer
24431,PIONEER SECTOR,Pioneer
24441,PIONEER SECTOR,Pioneer
24451,PIONEER SECTOR,Pioneer
24461,PIONEER SECTOR,Pioneer
24489,JOO KOON,Pioneer
24499,JOO KOON,Pioneer
24501,JOO KOON,Pioneer
24509,TENGEH,Tuas
24511,GUL CIRCLE,Pioneer
24519,PIONEER,Tuas
24521,GUL CIRCLE,Pioneer
24529,PIONEER,Tuas
24531,PIONEER SECTOR,Pioneer
24539,PIONEER SECTOR,Pioneer
24541,PIONEER SECTOR,Pioneer
24549,PIONEER SECTOR,Pioneer
24559,PIONEER SECTOR,Pioneer
24571,JOO KOON,Pioneer
24581,JOO KOON,Pioneer
24599,JOO KOON,Pioneer
24601,TUAS BAY,Tuas
24609,TUAS BAY,Tuas
24611,TUAS BAY,Tuas
24619,TUAS BAY,Tuas
24621,TUAS BAY,Tuas
24629,TUAS BAY,Tuas
24631,GUL CIRCLE,Pioneer
24639,GUL CIRCLE,Pioneer
24641,GUL CIRCLE,Pioneer
24651,GUL CIRCLE,Pioneer
24671,GUL CIRCLE,Pioneer
24679,PIONEER SECTOR,Pioneer
24681,GUL CIRCLE,Pioneer
24689,PIONEER SECTOR,Pioneer
24691,GUL CIRCLE,Pioneer
24699,TUAS BAY,Tuas
25009,TUAS PROMENADE,Tuas
25061,PIONEER,Tuas
25069,PIONEER,Tuas
25071,PIONEER,Tuas
25079,PIONEER,Tuas
25091,PIONEER,Tuas
25099,PIONEER,Tuas
25101,PIONEER,Tuas
25109,PIONEER,Tuas
25111,PIONEER,Tuas
25119,PIONEER,Tuas
25121,PIONEER,Tuas
25129,PIONEER,Tuas
25151,PIONEER,Tuas
25161,PIONEER,Tuas
25169,PIONEER,Tuas
25171,PIONEER,Tuas
25179,PIONEER,Tuas
25181,PIONEER,Tuas
25189,PIONEER,Tuas
25191,PIONEER,Tuas
25199,PIONEER,Tuas
25201,PIONEER,Tuas
25209,PIONEER,Tuas
25219,PIONEER,Tuas
25221,TENGEH,Tuas
25229,PIONEER,Tuas
25231,TENGEH,Tuas
25239,PIONEER,Tuas
25249,TUAS PROMENADE,Tuas
25259,TUAS PROMENADE,Tuas
25269,TUAS PROMENADE,Tuas
25321,PIONEER,Tuas
25329,PIONEER,Tuas
25331,PIONEER,Tuas
25339,PIONEER,Tuas
25341,PIONEER,Tuas
25349,PIONEER,Tuas
25351,PIONEER,Tuas
25359,PIONEER,Tuas
25361,PIONEER,Tuas
25369,PIONEER,Tuas
25371,PIONEER,Tuas
25379,PIONEER,Tuas
25381,PIONEER,Tuas
25389,PIONEER,Tuas
25391,TUAS PROMENADE,Tuas
25399,TUAS BAY,Tuas
25411,TUAS PROMENADE,Tuas
25419,TUAS PROMENADE,Tuas
25421,TUAS PROMENADE,Tuas
25429,TUAS PROMENADE,Tuas
25431,TUAS PROMENADE,Tuas
25439,TUAS PROMENADE,Tuas
25441,TUAS PROMENADE,Tuas
25449,TUAS PROMENADE,Tuas
25451,TUAS PROMENADE,Tuas
25459,TUAS PROMENADE,Tuas
25461,TUAS PROMENADE,Tuas
25469,TUAS PROMENADE,Tuas
25471,TUAS PROMENADE,Tuas
25479,TUAS PROMENADE,Tuas
25491,TUAS PROMENADE,Tuas
25499,TUAS PROMENADE,Tuas
25501,PIONEER,Tuas
25509,PIONEER,Tuas
25511,PIONEER,Tuas
25519,PIONEER,Tuas
26011,TUAS BAY,Tuas
26021,TUAS BAY,Tuas
26031,TUAS BAY,Tuas
26049,TUAS BAY,Tuas
26059,TUAS BAY,Tuas
26069,TUAS BAY,Tuas
26079,TUAS BAY,Tuas
26089,TUAS BAY,Tuas
26099,TUAS BAY,Tuas
26109,TUAS BAY,Tuas
26111,TUAS BAY,Tuas
26119,TUAS BAY,Tuas
26121,TUAS BAY,Tuas
26129,TUAS BAY,Tuas
26131,TUAS BAY,Tuas
26141,TUAS BAY,Tuas
26151,TUAS BAY,Tuas
26161,TUAS BAY,Tuas
26171,TUAS BAY,Tuas
26201,TUAS PROMENADE,Tuas
26209,TUAS PROMENADE,Tuas
26211,TUAS VIEW,Tuas
26221,TUAS VIEW,Tuas
26231,TUAS PROMENADE,Tuas
26239,TUAS BAY,Tuas
26241,TUAS PROMENADE,Tuas
26249,TUAS VIEW,Tuas
26251,TUAS PROMENADE,Tuas
26259,TUAS VIEW,Tuas
26261,TUAS PROMENADE,Tuas
26269,TUAS VIEW,Tuas
26279,TUAS VIEW,Tuas
26289,TUAS VIEW,Tuas
26299,TUAS VIEW,Tuas
26311,TUAS VIEW,Tuas
26321,TUAS VIEW,Tuas
26331,TUAS VIEW,Tuas
26349,TUAS VIEW,Tuas
26369,TUAS VIEW,Tuas
26379,TUAS VIEW,Tuas
26389,TUAS VIEW,Tuas
26399,TUAS VIEW,Tuas
26409,TUAS VIEW,Tuas
26419,TUAS VIEW,Tuas
26429,TUAS VIEW,Tuas
26431,TUAS VIEW,Tuas
26441,TUAS VIEW,Tuas
26451,TUAS VIEW,Tuas
26461,TUAS VIEW,Tuas
27011,WESTERN WATER CATCHMENT,Western Water Catchment
27021,WESTERN WATER CATCHMENT,Western Water Catchment
27031,WESTERN WATER CATCHMENT,Western Water Catchment
27041,WESTERN WATER CATCHMENT,Western Water Catchment
27051,WESTERN WATER CATCHMENT,Western Water Catchment
27069,WESTERN WATER CATCHMENT,Western Water Catchment
27091,YUNNAN,Jurong West
27099,WENYA,Jurong West
27101,YUNNAN,Jurong West
27109,WENYA,Jurong West
27121,WESTERN WATER CATCHMENT,Western Water Catchment
27129,WESTERN WATER CATCHMENT,Western Water Catchment
27131,YUNNAN,Jurong West
27141,YUNNAN,Jurong West
27159,YUNNAN,Jurong West
27169,WESTERN WATER CATCHMENT,Western Water Catchment
27171,WESTERN WATER CATCHMENT,Western Water Catchment
27179,WESTERN WATER CATCHMENT,Western Water Catchment
27181,WESTERN WATER CATCHMENT,Western Water Catchment
27189,WESTERN WATER CATCHMENT,Western Water Catchment
27199,WESTERN WATER CATCHMENT,Western Water Catchment
27209,WESTERN WATER CATCHMENT,Western Water Catchment
27211,WESTERN WATER CATCHMENT,Western Water Catchment
27219,WESTERN WATER CATCHMENT,Western Water Catchment
27221,WESTERN WATER CATCHMENT,Western Water Catchment
27231,WESTERN WATER CATCHMENT,Western Water Catchment
27241,WESTERN WATER CATCHMENT,Western Water Catchment
27251,WESTERN WATER CATCHMENT,Western Water Catchment
27261,WESTERN WATER CATCHMENT,Western Water Catchment
27271,YUNNAN,Jurong West
27279,YUNNAN,Jurong West
27281,WESTERN WATER CATCHMENT,Western Water Catchment
27291,WESTERN WATER CATCHMENT,Western Water Catchment
27301,YUNNAN,Jurong West
27309,YUNNAN,Jurong West
27311,WESTERN WATER CATCHMENT,Western Water Catchment
27321,YUNNAN,Jurong West
27329,YUNNAN,Jurong West
27331,YUNNAN,Jurong West
27341,YUNNAN,Jurong West
27349,YUNNAN,Jurong West
27351,YUNNAN,Jurong West
27359,YUNNAN,Jurong West
27361,YUNNAN,Jurong West
27369,YUNNAN,Jurong West
27371,YUNNAN,Jurong West
27379,YUNNAN,Jurong West
27381,YUNNAN,Jurong West
27389,YUNNAN,Jurong West
27391,YUNNAN,Jurong West
27399,YUNNAN,Jurong West
27401,YUNNAN,Jurong West
27409,YUNNAN,Jurong West
27411,YUNNAN,Jurong West
27419,YUNNAN,Jurong West
27421,YUNNAN,Jurong West
27429,YUNNAN,Jurong West
27431,YUNNAN,Jurong West
27439,YUNNAN,Jurong West
27441,YUNNAN,Jurong West
27449,YUNNAN,Jurong West
27451,WENYA,Jurong West
27459,WENYA,Jurong West
27461,WENYA,Jurong West
27469,WENYA,Jurong West
27471,WENYA,Jurong West
27479,WENYA,Jurong West
28009,JURONG REGIONAL CENTRE,Jurong East
28011,FABER,Clementi
28019,TOH TUCK,Clementi
28021,FABER,Clementi
28029,TOH TUCK,Clementi
28031,FABER,Clementi
28039,TOH TUCK,Clementi
28041,INTERNATIONAL BUSINESS PARK,Jurong East
28049,TOH GUAN,Jurong East
28051,JURONG REGIONAL CENTRE,Jurong East
28059,JURONG REGIONAL CENTRE,Jurong East
28061,JURONG REGIONAL CENTRE,Jurong East
28069,JURONG REGIONAL CENTRE,Jurong East
28071,YUHUA,Jurong East
28079,YUHUA,Jurong East
28081,YUHUA,Jurong East
28089,YUHUA,Jurong East
28091,TAMAN JURONG,Jurong West
28099,HONG KAH_JURONG WEST,Jurong West
28101,TOH TUCK,Clementi
28109,TOH TUCK,Clementi
28111,TENGAH,Tengah
28119,TENGAH,Tengah
28121,TENGAH,Tengah
28129,TENGAH,Tengah
28131,TENGAH,Tengah
28139,TENGAH,Tengah
28141,TENGAH,Tengah
28149,TENGAH,Tengah
28151,TENGAH,Tengah
28159,TENGAH,Tengah
28161,TENGAH,Tengah
28169,TENGAH,Tengah
28181,TOH TUCK,Clementi
28189,TOH TUCK,Clementi
28211,JURONG REGIONAL CENTRE,Jurong East
28221,JURONG LAKE,Jurong East
28229,INTERNATIONAL BUSINESS PARK,Jurong East
28231,JURONG REGIONAL CENTRE,Jurong East
28239,JURONG REGIONAL CENTRE,Jurong East
28241,JURONG LAKE,Jurong East
28249,JURONG REGIONAL CENTRE,Jurong East
28251,JURONG LAKE,Jurong East
28259,YUHUA,Jurong East
28261,JURONG LAKE,Jurong East
28269,YUHUA,Jurong East
28271,JURONG LAKE,Jurong East
28279,JURONG LAKE,Jurong East
28281,BOON LAY_JURONG EAST,Jurong East
28289,YUHUA,Jurong East
28291,BOON LAY_JURONG EAST,Jurong East
28299,YUHUA,Jurong East
28301,JURONG REGIONAL CENTRE,Jurong East
28309,INTERNATIONAL BUSINESS PARK,Jurong East
28311,YUHUA,Jurong East
28319,JURONG REGIONAL CENTRE,Jurong East
28321,YUHUA,Jurong East
28329,YUHUA,Jurong East
28331,YUHUA,Jurong East
28339,YUHUA,Jurong East
28341,JURONG LAKE,Jurong East
28349,BOON LAY_JURONG EAST,Jurong East
28351,JURONG LAKE,Jurong East
28359,BOON LAY_JURONG EAST,Jurong East
28361,JURONG LAKE,Jurong East
28369,HONG KAH_JURONG WEST,Jurong West
28371,JURONG LAKE,Jurong East
28379,HONG KAH_JURONG WEST,Jurong West
28381,HONG KAH_JURONG WEST,Jurong West
28389,HONG KAH_JURONG WEST,Jurong West
28391,HONG KAH_JURONG WEST,Jurong West
28399,HONG KAH_JURONG WEST,Jurong West
28401,HONG KAH_JURONG WEST,Jurong West
28409,HONG KAH_JURONG WEST,Jurong West
28411,HONG KAH_JURONG WEST,Jurong West
28421,HONG KAH_JURONG WEST,Jurong West
28431,JURONG REGIONAL CENTRE,Jurong East
28439,YUHUA,Jurong East
28441,YUHUA,Jurong East
28449,JURONG REGIONAL CENTRE,Jurong East
28451,BOON LAY_JURONG EAST,Jurong East
28459,BOON LAY_JURONG EAST,Jurong East
28461,BOON LAY_JURONG EAST,Jurong East
28469,BOON LAY_JURONG EAST,Jurong East
28471,BOON LAY_JURONG EAST,Jurong East
28481,BOON LAY_JURONG EAST,Jurong East
28491,BOON LAY_JURONG EAST,Jurong East
28499,BOON LAY_JURONG EAST,Jurong East
28501,HONG KAH_JURONG WEST,Jurong West
28509,HONG KAH_JURONG WEST,Jurong West
28511,HONG KAH_JURONG WEST,Jurong West
28519,HONG KAH_JURONG WEST,Jurong West
28521,HONG KAH_JURONG WEST,Jurong West
28529,HONG KAH_JURONG WEST,Jurong West
28531,HONG KAH_JURONG WEST,Jurong West
28539,HONG KAH_JURONG WEST,Jurong West
28541,HONG KAH_JURONG WEST,Jurong West
28551,HONG KAH_JURONG WEST,Jurong West
28561,HONG KAH_JURONG WEST,Jurong West
28571,HONG KAH_JURONG WEST,Jurong West
28581,HONG KAH_JURONG WEST,Jurong West
28591,HONG KAH_JURONG WEST,Jurong West
28601,HONG KAH_JURONG WEST,Jurong West
28611,HONG KAH_JURONG WEST,Jurong West
28621,YUHUA,Jurong East
28629,TOH GUAN,Jurong East
28631,TOH GUAN,Jurong East
28639,TOH GUAN,Jurong East
28641,TOH GUAN,Jurong East
28649,TOH GUAN,Jurong East
28651,TOH GUAN,Jurong East
28659,TOH GUAN,Jurong East
28661,TOH TUCK,Clementi
28669,TOH TUCK,Clementi
28671,TOH TUCK,Clementi
28679,TOH TUCK,Clementi
28681,TOH TUCK,Clementi
28689,TOH TUCK,Clementi
28691,TOH TUCK,Clementi
28699,TOH TUCK,Clementi
28701,TOH TUCK,Clementi
28709,TOH TUCK,Clementi
29011,PENJURU CRESCENT,Jurong East
29019,PENJURU CRESCENT,Jurong East
29021,JURONG RIVER,Jurong East
29029,TEBAN GARDENS,Jurong East
29031,JURONG RIVER,Jurong East
29039,TEBAN GARDENS,Jurong East
29041,PENJURU CRESCENT,Jurong East
29049,PENJURU CRESCENT,Jurong East
29051,TEBAN GARDENS,Jurong East
29059,PENJURU CRESCENT,Jurong East
29069,PENJURU CRESCENT,Jurong East
29071,PENJURU CRESCENT,Jurong East
29081,PENJURU CRESCENT,Jurong East
29089,PENJURU CRESCENT,Jurong East
29091,PENJURU CRESCENT,Jurong East
29099,PENJURU CRESCENT,Jurong East
29101,PENJURU CRESCENT,Jurong East
29109,PENJURU CRESCENT,Jurong East
29111,PENJURU CRESCENT,Jurong East
29119,PENJURU CRESCENT,Jurong East
29121,PENJURU CRESCENT,Jurong East
29129,PENJURU CRESCENT,Jurong East
29139,PENJURU CRESCENT,Jurong East
29149,PENJURU CRESCENT,Jurong East
29159,TEBAN GARDENS,Jurong East
30011,WESTERN WATER CATCHMENT,Western Water Catchment
30019,WESTERN WATER CATCHMENT,Western Water Catchment
30021,WESTERN WATER CATCHMENT,Western Water Catchment
30029,WESTERN WATER CATCHMENT,Western Water Catchment
30031,WESTERN WATER CATCHMENT,Western Water Catchment
30039,WESTERN WATER CATCHMENT,Western Water Catchment
30041,WESTERN WATER CATCHMENT,Western Water Catchment
30049,WESTERN WATER CATCHMENT,Western Water Catchment
30051,WESTERN WATER CATCHMENT,Western Water Catchment
30059,WESTERN WATER CATCHMENT,Western Water Catchment
30081,PENG SIANG,Choa Chu Kang
30089,TENGAH,Tengah
30091,WESTERN WATER CATCHMENT,Western Water Catchment
30099,WESTERN WATER CATCHMENT,Western Water Catchment
31009,WESTERN WATER CATCHMENT,Western Water Catchment
31011,WESTERN WATER CATCHMENT,Western Water Catchment
31019,WESTERN WATER CATCHMENT,Western Water Catchment
31021,WESTERN WATER CATCHMENT,Western Water Catchment
31029,WESTERN WATER CATCHMENT,Western Water Catchment
31031,WESTERN WATER CATCHMENT,Western Water Catchment
31039,WESTERN WATER CATCHMENT,Western Water Catchment
31041,WESTERN WATER CATCHMENT,Western Water Catchment
31049,WESTERN WATER CATCHMENT,Western Water Catchment
31051,WESTERN WATER CATCHMENT,Western Water Catchment
31059,WESTERN WATER CATCHMENT,Western Water Catchment
31061,WESTERN WATER CATCHMENT,Western Water Catchment
31069,WESTERN WATER CATCHMENT,Western Water Catchment
31071,WESTERN WATER CATCHMENT,Western Water Catchment
31079,WESTERN WATER CATCHMENT,Western Water Catchment
31081,WESTERN WATER CATCHMENT,Western Water Catchment
31089,WESTERN WATER CATCHMENT,Western Water Catchment
31121,WESTERN WATER CATCHMENT,Western Water Catchment
31129,WESTERN WATER CATCHMENT,Western Water Catchment
31131,WESTERN WATER CATCHMENT,Western Water Catchment
31139,WESTERN WATER CATCHMENT,Western Water Catchment
31141,WESTERN WATER CATCHMENT,Western Water Catchment
31149,WESTERN WATER CATCHMENT,Western Water Catchment
31151,WESTERN WATER CATCHMENT,Western Water Catchment
31159,WESTERN WATER CATCHMENT,Western Water Catchment
31161,WESTERN WATER CATCHMENT,Western Water Catchment
31169,WESTERN WATER CATCHMENT,Western Water Catchment
31171,WESTERN WATER CATCHMENT,Western Water Catchment
31179,WESTERN WATER CATCHMENT,Western Water Catchment
31181,WESTERN WATER CATCHMENT,Western Water Catchment
31189,WESTERN WATER CATCHMENT,Western Water Catchment
31191,WESTERN WATER CATCHMENT,Western Water Catchment
31199,WESTERN WATER CATCHMENT,Western Water Catchment
31201,WESTERN WATER CATCHMENT,Western Water Catchment
31211,WESTERN WATER CATCHMENT,Western Water Catchment
32031,WESTERN WATER CATCHMENT,Western Water Catchment
32039,WESTERN WATER CATCHMENT,Western Water Catchment
32041,WESTERN WATER CATCHMENT,Western Water Catchment
32049,WESTERN WATER CATCHMENT,Western Water Catchment
32051,WESTERN WATER CATCHMENT,Western Water Catchment
32059,WESTERN WATER CATCHMENT,Western Water Catchment
32061,WESTERN WATER CATCHMENT,Western Water Catchment
32069,WESTERN WATER CATCHMENT,Western Water Catchment
32071,WESTERN WATER CATCHMENT,Western Water Catchment
32079,WESTERN WATER CATCHMENT,Western Water Catchment
32081,WESTERN WATER CATCHMENT,Western Water Catchment
32089,LIM CHU KANG,Lim Chu Kang
32101,WESTERN WATER CATCHMENT,Western Water Catchment
32109,WESTERN WATER CATCHMENT,Western Water Catchment
32111,WESTERN WATER CATCHMENT,Western Water Catchment
32119,WESTERN WATER CATCHMENT,Western Water Catchment
33011,LIM CHU KANG,Lim Chu Kang
33019,LIM CHU KANG,Lim Chu Kang
33021,LIM CHU KANG,Lim Chu Kang
33029,LIM CHU KANG,Lim Chu Kang
33031,LIM CHU KANG,Lim Chu Kang
33039,LIM CHU KANG,Lim Chu Kang
33041,LIM CHU KANG,Lim Chu Kang
33049,LIM CHU KANG,Lim Chu Kang
33051,LIM CHU KANG,Lim Chu Kang
33059,LIM CHU KANG,Lim Chu Kang
34009,LIM CHU KANG,Lim Chu Kang
34011,LIM CHU KANG,Lim Chu Kang
34019,LIM CHU KANG,Lim Chu Kang
34021,LIM CHU KANG,Lim Chu Kang
34029,LIM CHU KANG,Lim Chu Kang
34031,LIM CHU KANG,Lim Chu Kang
34039,LIM CHU KANG,Lim Chu Kang
34041,LIM CHU KANG,Lim Chu Kang
34049,LIM CHU KANG,Lim Chu Kang
34051,LIM CHU KANG,Lim Chu Kang
34059,LIM CHU KANG,Lim Chu Kang
34101,WESTERN WATER CATCHMENT,Western Water Catchment
34109,WESTERN WATER CATCHMENT,Western Water Catchment
40011,MACKENZIE,Rochor
40019,FARRER PARK,Rochor
40021,MONK'S HILL,Newton
40029,MOULMEIN,Novena
40031,NEWTON CIRCUS,Newton
40039,MOULMEIN,Novena
40041,GOODWOOD PARK,Newton
40049,MOULMEIN,Novena
40051,GOODWOOD PARK,Newton
40059,MOULMEIN,Novena
40069,MALCOLM,Novena
40071,NASSIM,Tanglin
40079,MALCOLM,Novena
40081,NASSIM,Tanglin
40089,MALCOLM,Novena
40091,NASSIM,Tanglin
40099,DUNEARN,Novena
40101,KAMPONG JAVA,Kallang
40109,KAMPONG JAVA,Kallang
40111,NASSIM,Tanglin
40119,MALCOLM,Novena
40121,MOULMEIN,Novena
40129,MOULMEIN,Novena
40171,GOODWOOD PARK,Newton
40179,NEWTON CIRCUS,Newton
40181,NEWTON CIRCUS,Newton
40189,NEWTON CIRCUS,Newton
40191,ORANGE GROVE,Newton
40199,GOODWOOD PARK,Newton
40201,NASSIM,Tanglin
40209,NASSIM,Tanglin
40211,NASSIM,Tanglin
40219,NASSIM,Tanglin
40221,NASSIM,Tanglin
40229,NASSIM,Tanglin
40231,DUNEARN,Novena
40239,MALCOLM,Novena
40249,MALCOLM,Novena
40251,CENTRAL WATER CATCHMENT,Central Water Catchment
40259,MOUNT PLEASANT,Novena
40261,CENTRAL WATER CATCHMENT,Central Water Catchment
40269,MOUNT PLEASANT,Novena
40271,ISTANA NEGARA,Newton
40279,KAMPONG JAVA,Kallang
41011,TYERSALL,Tanglin
41019,DUNEARN,Novena
41021,TYERSALL,Tanglin
41029,DUNEARN,Novena
41031,CORONATION ROAD,Bukit Timah
41041,CORONATION ROAD,Bukit Timah
41049,HILLCREST,Bukit Timah
41051,CORONATION ROAD,Bukit Timah
41061,CORONATION ROAD,Bukit Timah
41069,HILLCREST,Bukit Timah
41071,CORONATION ROAD,Bukit Timah
41079,HILLCREST,Bukit Timah
41081,CORONATION ROAD,Bukit Timah
41089,HILLCREST,Bukit Timah
41101,FARRER COURT,Bukit Timah
41109,TYERSALL,Tanglin
41111,CORONATION ROAD,Bukit Timah
41119,TYERSALL,Tanglin
41121,HILLCREST,Bukit Timah
41129,DUNEARN,Novena
41131,HILLCREST,Bukit Timah
41139,DUNEARN,Novena
41141,HILLCREST,Bukit Timah
41149,MOUNT PLEASANT,Novena
41151,CENTRAL WATER CATCHMENT,Central Water Catchment
41159,MOUNT PLEASANT,Novena
42011,HOLLAND ROAD,Bukit Timah
42019,SWISS CLUB,Bukit Timah
42021,HOLLAND ROAD,Bukit Timah
42029,SWISS CLUB,Bukit Timah
42031,HOLLAND ROAD,Bukit Timah
42039,SWISS CLUB,Bukit Timah
42041,HOLLAND ROAD,Bukit Timah
42049,SWISS CLUB,Bukit Timah
42051,HOLLAND ROAD,Bukit Timah
42059,SWISS CLUB,Bukit Timah
42061,HOLLAND ROAD,Bukit Timah
42071,ANAK BUKIT,Bukit Timah
42089,SWISS CLUB,Bukit Timah
42091,ANAK BUKIT,Bukit Timah
42109,NATURE RESERVE,Bukit Panjang
42111,ANAK BUKIT,Bukit Timah
42119,NATURE RESERVE,Bukit Panjang
42129,CORONATION ROAD,Bukit Timah
42131,HOLLAND ROAD,Bukit Timah
42139,CORONATION ROAD,Bukit Timah
42141,ANAK BUKIT,Bukit Timah
42149,HOLLAND ROAD,Bukit Timah
42151,ANAK BUKIT,Bukit Timah
42159,ANAK BUKIT,Bukit Timah
42161,ANAK BUKIT,Bukit Timah
42169,ANAK BUKIT,Bukit Timah
42171,ANAK BUKIT,Bukit Timah
42179,ANAK BUKIT,Bukit Timah
42181,ANAK BUKIT,Bukit Timah
42189,ANAK BUKIT,Bukit Timah
42191,ANAK BUKIT,Bukit Timah
42199,ANAK BUKIT,Bukit Timah
42201,BUKIT BATOK SOUTH,Bukit Batok
42209,BUKIT BATOK SOUTH,Bukit Batok
42211,ANAK BUKIT,Bukit Timah
42219,ANAK BUKIT,Bukit Timah
42221,ANAK BUKIT,Bukit Timah
42229,ANAK BUKIT,Bukit Timah
42231,ANAK BUKIT,Bukit Timah
42239,ANAK BUKIT,Bukit Timah
42241,ANAK BUKIT,Bukit Timah
42249,ANAK BUKIT,Bukit Timah
42259,ANAK BUKIT,Bukit Timah
42291,ANAK BUKIT,Bukit Timah
42299,ANAK BUKIT,Bukit Timah
42301,ANAK BUKIT,Bukit Timah
42309,ANAK BUKIT,Bukit Timah
42311,BUKIT BATOK SOUTH,Bukit Batok
42319,BUKIT BATOK SOUTH,Bukit Batok
43009,BUKIT BATOK CENTRAL,Bukit Batok
43011,ANAK BUKIT,Bukit Timah
43019,NATURE RESERVE,Bukit Panjang
43021,HILLVIEW,Bukit Batok
43029,NATURE RESERVE,Bukit Panjang
43041,HILLVIEW,Bukit Batok
43049,NATURE RESERVE,Bukit Panjang
43051,HILLVIEW,Bukit Batok
43059,NATURE RESERVE,Bukit Panjang
43061,HILLVIEW,Bukit Batok
43069,NATURE RESERVE,Bukit Panjang
43071,HILLVIEW,Bukit Batok
43081,GOMBAK,Bukit Batok
43089,DAIRY FARM,Bukit Panjang
43091,GOMBAK,Bukit Batok
43109,GOMBAK,Bukit Batok
43111,GOMBAK,Bukit Batok
43119,BUKIT PANJANG,Bukit Panjang
43121,BUKIT PANJANG,Bukit Panjang
43129,DAIRY FARM,Bukit Panjang
43131,BUKIT PANJANG,Bukit Panjang
43139,DAIRY FARM,Bukit Panjang
43141,BUKIT BATOK CENTRAL,Bukit Batok
43149,BUKIT BATOK SOUTH,Bukit Batok
43151,HILLVIEW,Bukit Batok
43159,HILLVIEW,Bukit Batok
43161,BUKIT BATOK EAST,Bukit Batok
43169,BUKIT BATOK EAST,Bukit Batok
43171,BUKIT BATOK CENTRAL,Bukit Batok
43179,BUKIT BATOK EAST,Bukit Batok
43181,BUKIT BATOK CENTRAL,Bukit Batok
43189,BUKIT BATOK EAST,Bukit Batok
43191,BUKIT BATOK SOUTH,Bukit Batok
43199,BUKIT BATOK EAST,Bukit Batok
43201,ANAK BUKIT,Bukit Timah
43209,HILLVIEW,Bukit Batok
43211,BUKIT BATOK SOUTH,Bukit Batok
43219,BUKIT BATOK SOUTH,Bukit Batok
43221,BUKIT BATOK EAST,Bukit Batok
43229,HILLVIEW,Bukit Batok
43231,HILLVIEW,Bukit Batok
43239,HILLVIEW,Bukit Batok
43241,HILLVIEW,Bukit Batok
43249,HILLVIEW,Bukit Batok
43251,HILLVIEW,Bukit Batok
43259,HILLVIEW,Bukit Batok
43261,HILLVIEW,Bukit Batok
43267,HILLVIEW,Bukit Batok
43268,HILLVIEW,Bukit Batok
43271,HILLVIEW,Bukit Batok
43279,HILLVIEW,Bukit Batok
43289,HILLVIEW,Bukit Batok
43291,HILLVIEW,Bukit Batok
43301,HILLVIEW,Bukit Batok
43309,HILLVIEW,Bukit Batok
43311,BUKIT BATOK SOUTH,Bukit Batok
43319,BUKIT BATOK SOUTH,Bukit Batok
43321,BUKIT BATOK CENTRAL,Bukit Batok
43329,BUKIT BATOK WEST,Bukit Batok
43331,BUKIT BATOK WEST,Bukit Batok
43341,BUKIT BATOK WEST,Bukit Batok
43349,BRICKWORKS,Bukit Batok
43351,BUKIT BATOK WEST,Bukit Batok
43361,BUKIT BATOK WEST,Bukit Batok
43371,BUKIT BATOK CENTRAL,Bukit Batok
43379,BUKIT BATOK WEST,Bukit Batok
43381,BUKIT BATOK CENTRAL,Bukit Batok
43389,BUKIT BATOK CENTRAL,Bukit Batok
43391,BUKIT BATOK CENTRAL,Bukit Batok
43399,BUKIT BATOK CENTRAL,Bukit Batok
43401,BUKIT BATOK CENTRAL,Bukit Batok
43409,BRICKWORKS,Bukit Batok
43411,GUILIN,Bukit Batok
43419,BUKIT BATOK CENTRAL,Bukit Batok
43421,GUILIN,Bukit Batok
43429,BUKIT BATOK EAST,Bukit Batok
43431,GUILIN,Bukit Batok
43439,BUKIT BATOK EAST,Bukit Batok
43441,GUILIN,Bukit Batok
43449,BUKIT BATOK EAST,Bukit Batok
43451,BUKIT BATOK WEST,Bukit Batok
43459,TENGAH,Tengah
43461,GUILIN,Bukit Batok
43469,BRICKWORKS,Bukit Batok
43471,HONG KAH_BUKIT BATOK,Bukit Batok
43479,BRICKWORKS,Bukit Batok
43481,HONG KAH_BUKIT BATOK,Bukit Batok
43489,HONG KAH_BUKIT BATOK,Bukit Batok
43491,HONG KAH_BUKIT BATOK,Bukit Batok
43499,HONG KAH_BUKIT BATOK,Bukit Batok
43501,BUKIT BATOK SOUTH,Bukit Batok
43509,BUKIT BATOK SOUTH,Bukit Batok
43511,BUKIT BATOK SOUTH,Bukit Batok
43519,BUKIT BATOK CENTRAL,Bukit Batok
43521,HONG KAH_BUKIT BATOK,Bukit Batok
43529,GOMBAK,Bukit Batok
43531,BUKIT BATOK WEST,Bukit Batok
43539,BRICKWORKS,Bukit Batok
43541,GUILIN,Bukit Batok
43549,GUILIN,Bukit Batok
43561,GUILIN,Bukit Batok
43569,GUILIN,Bukit Batok
43571,HONG KAH_BUKIT BATOK,Bukit Batok
43579,GUILIN,Bukit Batok
43581,HONG KAH_BUKIT BATOK,Bukit Batok
43589,GOMBAK,Bukit Batok
43591,BUKIT BATOK SOUTH,Bukit Batok
43599,BUKIT BATOK CENTRAL,Bukit Batok
43601,HONG KAH_BUKIT BATOK,Bukit Batok
43609,GUILIN,Bukit Batok
43611,BUKIT BATOK SOUTH,Bukit Batok
43619,BUKIT BATOK SOUTH,Bukit Batok
43621,BUKIT BATOK SOUTH,Bukit Batok
43629,BUKIT BATOK SOUTH,Bukit Batok
43631,ANAK BUKIT,Bukit Timah
43639,HILLVIEW,Bukit Batok
43641,HONG KAH_BUKIT BATOK,Bukit Batok
43649,HONG KAH_BUKIT BATOK,Bukit Batok
43659,HONG KAH_BUKIT BATOK,Bukit Batok
43669,HONG KAH_BUKIT BATOK,Bukit Batok
43671,TENGAH,Tengah
43679,HONG KAH_BUKIT BATOK,Bukit Batok
43681,HONG KAH_BUKIT BATOK,Bukit Batok
43691,BUKIT BATOK WEST,Bukit Batok
43699,BUKIT BATOK SOUTH,Bukit Batok
43701,BUKIT BATOK CENTRAL,Bukit Batok
43709,BUKIT BATOK CENTRAL,Bukit Batok
43719,GOMBAK,Bukit Batok
43721,GOMBAK,Bukit Batok
43731,BUKIT BATOK CENTRAL,Bukit Batok
43739,BUKIT BATOK CENTRAL,Bukit Batok
43741,BUKIT BATOK CENTRAL,Bukit Batok
43749,BUKIT BATOK CENTRAL,Bukit Batok
43751,TENGAH,Tengah
43759,BRICKWORKS,Bukit Batok
43761,TENGAH,Tengah
43769,BRICKWORKS,Bukit Batok
43771,TENGAH,Tengah
43779,BRICKWORKS,Bukit Batok
43781,TENGAH,Tengah
43789,BRICKWORKS,Bukit Batok
43801,GUILIN,Bukit Batok
43809,GUILIN,Bukit Batok
43811,HILLVIEW,Bukit Batok
43819,HILLVIEW,Bukit Batok
43821,HILLVIEW,Bukit Batok
43829,HILLVIEW,Bukit Batok
43831,HONG KAH_BUKIT BATOK,Bukit Batok
43839,HONG KAH_BUKIT BATOK,Bukit Batok
43841,HONG KAH_BUKIT BATOK,Bukit Batok
43859,DAIRY FARM,Bukit Panjang
43869,DAIRY FARM,Bukit Panjang
43879,DAIRY FARM,Bukit Panjang
43889,DAIRY FARM,Bukit Panjang
44009,CENTRAL_CHOA CHU KANG,Choa Chu Kang
44011,GOMBAK,Bukit Batok
44019,BUKIT PANJANG,Bukit Panjang
44021,GOMBAK,Bukit Batok
44029,BUKIT PANJANG,Bukit Panjang
44041,TECK WHYE,Choa Chu Kang
44049,SENJA,Bukit Panjang
44051,TECK WHYE,Choa Chu Kang
44059,SENJA,Bukit Panjang
44061,TECK WHYE,Choa Chu Kang
44069,SENJA,Bukit Panjang
44071,PENG SIANG,Choa Chu Kang
44079,PENG SIANG,Choa Chu Kang
44081,KEAT HONG,Choa Chu Kang
44089,PENG SIANG,Choa Chu Kang
44091,KEAT HONG,Choa Chu Kang
44099,KEAT HONG,Choa Chu Kang
44101,KEAT HONG,Choa Chu Kang
44109,KEAT HONG,Choa Chu Kang
44111,TECK WHYE,Choa Chu Kang
44119,CENTRAL_CHOA CHU KANG,Choa Chu Kang
44121,TECK WHYE,Choa Chu Kang
44129,KEAT HONG,Choa Chu Kang
44131,TECK WHYE,Choa Chu Kang
44139,GOMBAK,Bukit Batok
44141,TECK WHYE,Choa Chu Kang
44149,GOMBAK,Bukit Batok
44151,KEAT HONG,Choa Chu Kang
44159,GOMBAK,Bukit Batok
44161,KEAT HONG,Choa Chu Kang
44169,GOMBAK,Bukit Batok
44171,TENGAH,Tengah
44179,HONG KAH_BUKIT BATOK,Bukit Batok
44191,BUKIT PANJANG,Bukit Panjang
44199,BUKIT PANJANG,Bukit Panjang
44201,BUKIT PANJANG,Bukit Panjang
44209,BUKIT PANJANG,Bukit Panjang
44211,BUKIT PANJANG,Bukit Panjang
44219,BUKIT PANJANG,Bukit Panjang
44221,BUKIT PANJANG,Bukit Panjang
44229,BANGKIT,Bukit Panjang
44231,FAJAR,Bukit Panjang
44239,BUKIT PANJANG,Bukit Panjang
44241,FAJAR,Bukit Panjang
44249,BUKIT PANJANG,Bukit Panjang
44251,SENJA,Bukit Panjang
44259,BUKIT PANJANG,Bukit Panjang
44261,BANGKIT,Bukit Panjang
44269,BANGKIT,Bukit Panjang
44271,TECK WHYE,Choa Chu Kang
44279,TECK WHYE,Choa Chu Kang
44281,TECK WHYE,Choa Chu Kang
44289,TECK WHYE,Choa Chu Kang
44291,TECK WHYE,Choa Chu Kang
44299,TECK WHYE,Choa Chu Kang
44301,BANGKIT,Bukit Panjang
44311,BANGKIT,Bukit Panjang
44321,BANGKIT,Bukit Panjang
44329,BANGKIT,Bukit Panjang
44331,BANGKIT,Bukit Panjang
44341,FAJAR,Bukit Panjang
44351,DAIRY FARM,Bukit Panjang
44359,DAIRY FARM,Bukit Panjang
44361,DAIRY FARM,Bukit Panjang
44369,DAIRY FARM,Bukit Panjang
44371,BANGKIT,Bukit Panjang
44379,DAIRY FARM,Bukit Panjang
44381,BANGKIT,Bukit Panjang
44389,DAIRY FARM,Bukit Panjang
44391,CENTRAL_CHOA CHU KANG,Choa Chu Kang
44399,CENTRAL_CHOA CHU KANG,Choa Chu Kang
44401,SENJA,Bukit Panjang
44409,TECK WHYE,Choa Chu Kang
44411,TECK WHYE,Choa Chu Kang
44421,TECK WHYE,Choa Chu Kang
44439,TECK WHYE,Choa Chu Kang
44441,CENTRAL_CHOA CHU KANG,Choa Chu Kang
44449,KEAT HONG,Choa Chu Kang
44451,CENTRAL_CHOA CHU KANG,Choa Chu Kang
44459,KEAT HONG,Choa Chu Kang
44461,CENTRAL_CHOA CHU KANG,Choa Chu Kang
44469,PENG SIANG,Choa Chu Kang
44471,CENTRAL_CHOA CHU KANG,Choa Chu Kang
44479,CENTRAL_CHOA CHU KANG,Choa Chu Kang
44481,CENTRAL_CHOA CHU KANG,Choa Chu Kang
44489,CENTRAL_CHOA CHU KANG,Choa Chu Kang
44491,PENG SIANG,Choa Chu Kang
44499,PENG SIANG,Choa Chu Kang
44501,PENG SIANG,Choa Chu Kang
44509,PENG SIANG,Choa Chu Kang
44511,KEAT HONG,Choa Chu Kang
44519,PENG SIANG,Choa Chu Kang
44521,KEAT HONG,Choa Chu Kang
44529,PENG SIANG,Choa Chu Kang
44531,CENTRAL_CHOA CHU KANG,Choa Chu Kang
44539,CENTRAL_CHOA CHU KANG,Choa Chu Kang
44541,CENTRAL_CHOA CHU KANG,Choa Chu Kang
44549,CENTRAL_CHOA CHU KANG,Choa Chu Kang
44551,PENG SIANG,Choa Chu Kang
44559,PENG SIANG,Choa Chu Kang
44569,KEAT HONG,Choa Chu Kang
44579,KEAT HONG,Choa Chu Kang
44601,FAJAR,Bukit Panjang
44609,FAJAR,Bukit Panjang
44611,SAUJANA,Bukit Panjang
44619,SAUJANA,Bukit Panjang
44621,PENG SIANG,Choa Chu Kang
44629,PENG SIANG,Choa Chu Kang
44631,BUKIT PANJANG,Bukit Panjang
44639,BUKIT PANJANG,Bukit Panjang
44641,SENJA,Bukit Panjang
44649,SAUJANA,Bukit Panjang
44651,SENJA,Bukit Panjang
44659,SAUJANA,Bukit Panjang
44661,SAUJANA,Bukit Panjang
44669,SAUJANA,Bukit Panjang
44671,SAUJANA,Bukit Panjang
44679,SAUJANA,Bukit Panjang
44689,PENG SIANG,Choa Chu Kang
44691,FAJAR,Bukit Panjang
44699,FAJAR,Bukit Panjang
44721,SAUJANA,Bukit Panjang
44731,BUKIT PANJANG,Bukit Panjang
44739,BUKIT PANJANG,Bukit Panjang
44771,FAJAR,Bukit Panjang
44779,FAJAR,Bukit Panjang
44791,SENJA,Bukit Panjang
44799,SENJA,Bukit Panjang
44801,SENJA,Bukit Panjang
44809,SENJA,Bukit Panjang
44811,SENJA,Bukit Panjang
44819,SENJA,Bukit Panjang
44821,SAUJANA,Bukit Panjang
44829,SENJA,Bukit Panjang
44851,BUKIT PANJANG,Bukit Panjang
44859,BUKIT PANJANG,Bukit Panjang
45008,BUKIT PANJANG,Bukit Panjang
45009,TECK WHYE,Choa Chu Kang
45011,MANDAI,Sungei Kadut
45019,SENJA,Bukit Panjang
45021,MANDAI,Sungei Kadut
45029,MANDAI,Sungei Kadut
45031,MANDAI,Sungei Kadut
45039,MANDAI,Sungei Kadut
45041,MANDAI,Sungei Kadut
45049,MANDAI,Sungei Kadut
45051,MANDAI,Sungei Kadut
45059,MANDAI,Sungei Kadut
45061,MANDAI,Sungei Kadut
45069,MANDAI,Sungei Kadut
45071,MANDAI,Sungei Kadut
45079,MANDAI,Sungei Kadut
45081,MANDAI,Sungei Kadut
45091,TURF CLUB,Sungei Kadut
45099,TURF CLUB,Sungei Kadut
45101,TURF CLUB,Sungei Kadut
45109,TURF CLUB,Sungei Kadut
45111,TURF CLUB,Sungei Kadut
45119,TURF CLUB,Sungei Kadut
45121,KRANJI,Sungei Kadut
45129,TURF CLUB,Sungei Kadut
45131,KRANJI,Sungei Kadut
45139,TURF CLUB,Sungei Kadut
45141,KRANJI,Sungei Kadut
45149,KRANJI,Sungei Kadut
45151,MANDAI,Sungei Kadut
45159,MANDAI,Sungei Kadut
45161,MANDAI,Sungei Kadut
45169,MANDAI,Sungei Kadut
45171,MANDAI,Sungei Kadut
45179,MANDAI,Sungei Kadut
45181,TURF CLUB,Sungei Kadut
45189,MANDAI,Sungei Kadut
45191,TURF CLUB,Sungei Kadut
45199,MANDAI,Sungei Kadut
45201,TURF CLUB,Sungei Kadut
45209,MANDAI,Sungei Kadut
45211,TURF CLUB,Sungei Kadut
45221,TURF CLUB,Sungei Kadut
45229,MANDAI,Sungei Kadut
45231,PENG SIANG,Choa Chu Kang
45239,CENTRAL_CHOA CHU KANG,Choa Chu Kang
45241,WESTERN WATER CATCHMENT,Western Water Catchment
45249,KRANJI NORTH,Choa Chu Kang
45251,WESTERN WATER CATCHMENT,Western Water Catchment
45259,KRANJI NORTH,Choa Chu Kang
45261,KRANJI NORTH,Choa Chu Kang
45269,KRANJI NORTH,Choa Chu Kang
45271,KRANJI NORTH,Choa Chu Kang
45279,KRANJI NORTH,Choa Chu Kang
45291,KRANJI NORTH,Choa Chu Kang
45299,PANG SUA_CHOA CHU KANG,Choa Chu Kang
45301,PANG SUA_CHOA CHU KANG,Choa Chu Kang
45309,PANG SUA_CHOA CHU KANG,Choa Chu Kang
45311,KRANJI NORTH,Choa Chu Kang
45319,KRANJI NORTH,Choa Chu Kang
45321,YEW TEE,Choa Chu Kang
45329,YEW TEE,Choa Chu Kang
45339,YEW TEE,Choa Chu Kang
45349,YEW TEE,Choa Chu Kang
45351,PANG SUA_CHOA CHU KANG,Choa Chu Kang
45359,YEW TEE,Choa Chu Kang
45361,PANG SUA_CHOA CHU KANG,Choa Chu Kang
45369,PANG SUA_CHOA CHU KANG,Choa Chu Kang
45371,PANG SUA_CHOA CHU KANG,Choa Chu Kang
45379,PANG SUA_CHOA CHU KANG,Choa Chu Kang
45389,YEW TEE,Choa Chu Kang
45399,YEW TEE,Choa Chu Kang
45401,YEW TEE,Choa Chu Kang
45411,YEW TEE,Choa Chu Kang
45421,YEW TEE,Choa Chu Kang
45439,YEW TEE,Choa Chu Kang
45441,RESERVOIR VIEW,Sungei Kadut
45449,RESERVOIR VIEW,Sungei Kadut
45451,KEAT HONG,Choa Chu Kang
46008,WOODLANDS REGIONAL CENTRE,Woodlands
46009,WOODLANDS REGIONAL CENTRE,Woodlands
46011,WOODLANDS WEST,Woodlands
46019,WOODLANDS WEST,Woodlands
46021,KRANJI,Sungei Kadut
46029,KRANJI,Sungei Kadut
46031,KRANJI,Sungei Kadut
46039,KRANJI,Sungei Kadut
46041,KRANJI,Sungei Kadut
46049,KRANJI,Sungei Kadut
46051,KRANJI,Sungei Kadut
46059,KRANJI,Sungei Kadut
46069,NORTH COAST,Woodlands
46071,WOODLANDS WEST,Woodlands
46079,WOODLANDS WEST,Woodlands
46088,NORTH COAST,Woodlands
46091,WOODLANDS WEST,Woodlands
46101,NORTH COAST,Woodlands
46109,NORTH COAST,Woodlands
46111,NORTH COAST,Woodlands
46119,WOODLANDS WEST,Woodlands
46121,NORTH COAST,Woodlands
46129,WOODLANDS WEST,Woodlands
46131,NORTH COAST,Woodlands
46139,WOODLANDS WEST,Woodlands
46141,NORTH COAST,Woodlands
46149,NORTH COAST,Woodlands
46151,NORTH COAST,Woodlands
46159,NORTH COAST,Woodlands
46161,NORTH COAST,Woodlands
46169,NORTH COAST,Woodlands
46171,WOODLANDS WEST,Woodlands
46179,WOODLANDS WEST,Woodlands
46181,WOODLANDS WEST,Woodlands
46189,WOODLANDS WEST,Woodlands
46191,WOODLANDS REGIONAL CENTRE,Woodlands
46199,WOODLANDS WEST,Woodlands
46201,WOODLANDS WEST,Woodlands
46209,WOODLANDS WEST,Woodlands
46211,EMPTY,EMPTY
46219,EMPTY,EMPTY
46229,WOODGROVE,Woodlands
46239,EMPTY,EMPTY
46241,WOODLANDS WEST,Woodlands
46249,WOODLANDS WEST,Woodlands
46251,MIDVIEW,Woodlands
46261,MIDVIEW,Woodlands
46269,GREENWOOD PARK,Woodlands
46271,WOODLANDS REGIONAL CENTRE,Woodlands
46279,MIDVIEW,Woodlands
46281,MIDVIEW,Woodlands
46289,MIDVIEW,Woodlands
46291,WOODLANDS WEST,Woodlands
46299,WOODLANDS REGIONAL CENTRE,Woodlands
46301,WOODLANDS REGIONAL CENTRE,Woodlands
46309,GREENWOOD PARK,Woodlands
46311,WOODLANDS REGIONAL CENTRE,Woodlands
46319,WOODLANDS WEST,Woodlands
46321,WOODLANDS REGIONAL CENTRE,Woodlands
46329,WOODGROVE,Woodlands
46331,WOODLANDS SOUTH,Woodlands
46339,WOODGROVE,Woodlands
46341,WOODGROVE,Woodlands
46349,WOODGROVE,Woodlands
46351,WOODGROVE,Woodlands
46359,WOODGROVE,Woodlands
46361,WOODGROVE,Woodlands
46369,WOODGROVE,Woodlands
46371,WOODGROVE,Woodlands
46379,WOODGROVE,Woodlands
46381,TURF CLUB,Sungei Kadut
46389,KRANJI,Sungei Kadut
46391,MIDVIEW,Woodlands
46399,MIDVIEW,Woodlands
46401,WOODLANDS EAST,Woodlands
46409,WOODLANDS EAST,Woodlands
46411,MIDVIEW,Woodlands
46419,WOODLANDS EAST,Woodlands
46421,MIDVIEW,Woodlands
46429,MIDVIEW,Woodlands
46431,MIDVIEW,Woodlands
46439,MIDVIEW,Woodlands
46441,MIDVIEW,Woodlands
46449,MIDVIEW,Woodlands
46451,GREENWOOD PARK,Woodlands
46459,MIDVIEW,Woodlands
46461,SENOKO WEST,Woodlands
46469,WOODLANDS EAST,Woodlands
46471,SENOKO WEST,Woodlands
46479,WOODLANDS EAST,Woodlands
46481,SENOKO WEST,Woodlands
46489,WOODLANDS EAST,Woodlands
46491,WOODGROVE,Woodlands
46499,WOODLANDS WEST,Woodlands
46501,WOODLANDS WEST,Woodlands
46509,WOODLANDS WEST,Woodlands
46511,WOODLANDS WEST,Woodlands
46519,WOODLANDS WEST,Woodlands
46521,WOODLANDS WEST,Woodlands
46529,WOODGROVE,Woodlands
46531,WOODLANDS WEST,Woodlands
46539,WOODGROVE,Woodlands
46541,WOODLANDS WEST,Woodlands
46549,WOODGROVE,Woodlands
46551,WOODLANDS WEST,Woodlands
46559,WOODLANDS WEST,Woodlands
46561,WOODLANDS WEST,Woodlands
46569,WOODLANDS WEST,Woodlands
46571,WOODLANDS WEST,Woodlands
46579,WOODLANDS WEST,Woodlands
46581,WOODLANDS WEST,Woodlands
46589,WOODLANDS WEST,Woodlands
46591,WOODGROVE,Woodlands
46609,EMPTY,EMPTY
46611,WOODGROVE,Woodlands
46619,WOODGROVE,Woodlands
46621,WOODGROVE,Woodlands
46629,WOODGROVE,Woodlands
46631,MIDVIEW,Woodlands
46639,WOODLANDS REGIONAL CENTRE,Woodlands
46641,MIDVIEW,Woodlands
46649,WOODLANDS SOUTH,Woodlands
46651,WOODLANDS SOUTH,Woodlands
46659,WOODLANDS SOUTH,Woodlands
46661,MIDVIEW,Woodlands
46669,MIDVIEW,Woodlands
46671,MIDVIEW,Woodlands
46679,MIDVIEW,Woodlands
46681,MIDVIEW,Woodlands
46689,WOODLANDS EAST,Woodlands
46691,WOODLANDS EAST,Woodlands
46699,MIDVIEW,Woodlands
46709,WOODLANDS WEST,Woodlands
46711,SENOKO WEST,Woodlands
46719,SENOKO SOUTH,Sembawang
46721,SENOKO WEST,Woodlands
46729,SENOKO SOUTH,Sembawang
46731,SENOKO SOUTH,Sembawang
46739,WOODLANDS EAST,Woodlands
46741,SENOKO SOUTH,Sembawang
46749,WOODLANDS EAST,Woodlands
46761,WOODLANDS EAST,Woodlands
46769,WOODLANDS EAST,Woodlands
46771,WOODLANDS EAST,Woodlands
46779,WOODLANDS EAST,Woodlands
46781,WOODLANDS EAST,Woodlands
46789,WOODLANDS EAST,Woodlands
46791,WOODLANDS EAST,Woodlands
46799,WOODLANDS EAST,Woodlands
46801,WOODLANDS EAST,Woodlands
46809,WOODLANDS EAST,Woodlands
46811,WOODLANDS EAST,Woodlands
46821,WOODLANDS EAST,Woodlands
46831,WOODLANDS EAST,Woodlands
46841,WOODLANDS EAST,Woodlands
46851,WOODLANDS EAST,Woodlands
46859,WOODLANDS EAST,Woodlands
46861,WOODLANDS EAST,Woodlands
46869,WOODLANDS EAST,Woodlands
46871,WOODLANDS EAST,Woodlands
46879,WOODLANDS EAST,Woodlands
46881,SENOKO SOUTH,Sembawang
46891,SENOKO SOUTH,Sembawang
46901,SENOKO SOUTH,Sembawang
46911,SENOKO SOUTH,Sembawang
46921,SENOKO SOUTH,Sembawang
46931,SENOKO SOUTH,Sembawang
46941,SENOKO SOUTH,Sembawang
46951,WOODLANDS SOUTH,Woodlands
46961,WOODLANDS SOUTH,Woodlands
46969,WOODLANDS SOUTH,Woodlands
46971,WOODLANDS SOUTH,Woodlands
46979,WOODLANDS SOUTH,Woodlands
46981,WOODLANDS SOUTH,Woodlands
46989,WOODLANDS SOUTH,Woodlands
46991,WOODLANDS SOUTH,Woodlands
46999,WOODLANDS SOUTH,Woodlands
47011,NORTH COAST,Woodlands
47019,GREENWOOD PARK,Woodlands
47021,NORTH COAST,Woodlands
47029,GREENWOOD PARK,Woodlands
47031,NORTH COAST,Woodlands
47039,GREENWOOD PARK,Woodlands
47041,NORTH COAST,Woodlands
47049,SENOKO WEST,Woodlands
47051,NORTH COAST,Woodlands
47059,SENOKO WEST,Woodlands
47061,SENOKO NORTH,Sembawang
47069,SENOKO WEST,Woodlands
47071,SENOKO NORTH,Sembawang
47079,SENOKO SOUTH,Sembawang
47081,SENOKO NORTH,Sembawang
47089,SENOKO NORTH,Sembawang
47091,SENOKO NORTH,Sembawang
47099,SENOKO NORTH,Sembawang
47101,SENOKO NORTH,Sembawang
47109,SENOKO NORTH,Sembawang
47111,SENOKO NORTH,Sembawang
47119,SENOKO NORTH,Sembawang
47121,SENOKO NORTH,Sembawang
47129,SENOKO NORTH,Sembawang
47131,SENOKO NORTH,Sembawang
47141,SENOKO NORTH,Sembawang
47151,SENOKO NORTH,Sembawang
47169,SENOKO NORTH,Sembawang
47179,SENOKO NORTH,Sembawang
47189,SENOKO NORTH,Sembawang
47199,SENOKO NORTH,Sembawang
47501,WOODLANDS SOUTH,Woodlands
47511,WOODLANDS SOUTH,Woodlands
47521,WOODLANDS SOUTH,Woodlands
47539,WOODLANDS SOUTH,Woodlands
47541,WOODLANDS EAST,Woodlands
47549,WOODLANDS EAST,Woodlands
47551,WOODLANDS EAST,Woodlands
47559,WOODLANDS EAST,Woodlands
47561,WOODLANDS EAST,Woodlands
47569,WOODLANDS SOUTH,Woodlands
47571,WOODLANDS EAST,Woodlands
47579,WOODLANDS SOUTH,Woodlands
47581,MIDVIEW,Woodlands
47589,WOODLANDS SOUTH,Woodlands
47591,WOODLANDS EAST,Woodlands
47599,WOODLANDS EAST,Woodlands
47601,WOODLANDS EAST,Woodlands
47609,WOODLANDS EAST,Woodlands
47611,WOODLANDS EAST,Woodlands
47619,WOODLANDS EAST,Woodlands
47621,SENOKO SOUTH,Sembawang
47629,SENOKO SOUTH,Sembawang
47639,WOODGROVE,Woodlands
47641,WOODLANDS EAST,Woodlands
47649,WOODLANDS EAST,Woodlands
47651,WOODLANDS EAST,Woodlands
47659,WOODLANDS EAST,Woodlands
47661,WOODLANDS EAST,Woodlands
47671,WOODLANDS EAST,Woodlands
47681,WOODLANDS EAST,Woodlands
47801,SENOKO NORTH,Sembawang
47809,SEMBAWANG NORTH,Sembawang
47811,SENOKO NORTH,Sembawang
47819,SEMBAWANG NORTH,Sembawang
47821,SENOKO NORTH,Sembawang
47829,SENOKO SOUTH,Sembawang
48011,SUBZONE 1_MANDAI,Mandai
48019,CENTRAL WATER CATCHMENT,Central Water Catchment
48021,SUBZONE 1_MANDAI,Mandai
48029,CENTRAL WATER CATCHMENT,Central Water Catchment
48031,SUBZONE 1_MANDAI,Mandai
48039,CENTRAL WATER CATCHMENT,Central Water Catchment
48041,SUBZONE 1_MANDAI,Mandai
48049,CENTRAL WATER CATCHMENT,Central Water Catchment
48051,SUBZONE 1_MANDAI,Mandai
48059,CENTRAL WATER CATCHMENT,Central Water Catchment
48061,SUBZONE 1_MANDAI,Mandai
48069,SUBZONE 1_MANDAI,Mandai
48071,CENTRAL WATER CATCHMENT,Central Water Catchment
48079,CENTRAL WATER CATCHMENT,Central Water Catchment
48081,CENTRAL WATER CATCHMENT,Central Water Catchment
48089,CENTRAL WATER CATCHMENT,Central Water Catchment
48091,NEE SOON,Yishun
48099,NEE SOON,Yishun
48101,NEE SOON,Yishun
48109,NEE SOON,Yishun
48111,CENTRAL WATER CATCHMENT,Central Water Catchment
48119,CENTRAL WATER CATCHMENT,Central Water Catchment
48121,CENTRAL WATER CATCHMENT,Central Water Catchment
48129,CENTRAL WATER CATCHMENT,Central Water Catchment
48131,CENTRAL WATER CATCHMENT,Central Water Catchment
48141,SUBZONE 2_MANDAI,Mandai
48149,NEE SOON,Yishun
49011,PANG SUA_SUNGEI KADUT,Sungei Kadut
49019,PANG SUA_SUNGEI KADUT,Sungei Kadut
49021,PANG SUA_SUNGEI KADUT,Sungei Kadut
49029,PANG SUA_SUNGEI KADUT,Sungei Kadut
49031,PANG SUA_SUNGEI KADUT,Sungei Kadut
49039,PANG SUA_SUNGEI KADUT,Sungei Kadut
49041,PANG SUA_SUNGEI KADUT,Sungei Kadut
49049,PANG SUA_SUNGEI KADUT,Sungei Kadut
49051,RESERVOIR VIEW,Sungei Kadut
49059,RESERVOIR VIEW,Sungei Kadut
49061,RESERVOIR VIEW,Sungei Kadut
49069,RESERVOIR VIEW,Sungei Kadut
49071,RESERVOIR VIEW,Sungei Kadut
49079,RESERVOIR VIEW,Sungei Kadut
49081,RESERVOIR VIEW,Sungei Kadut
49089,RESERVOIR VIEW,Sungei Kadut
49091,KRANJI,Sungei Kadut
49101,KRANJI,Sungei Kadut
49109,KRANJI,Sungei Kadut
49111,KRANJI,Sungei Kadut
49119,KRANJI,Sungei Kadut
49121,KRANJI,Sungei Kadut
49129,KRANJI,Sungei Kadut
49131,PANG SUA_SUNGEI KADUT,Sungei Kadut
49139,PANG SUA_SUNGEI KADUT,Sungei Kadut
49141,RESERVOIR VIEW,Sungei Kadut
49149,RESERVOIR VIEW,Sungei Kadut
49151,RESERVOIR VIEW,Sungei Kadut
49159,RESERVOIR VIEW,Sungei Kadut
49169,RESERVOIR VIEW,Sungei Kadut
49171,RESERVOIR VIEW,Sungei Kadut
49179,RESERVOIR VIEW,Sungei Kadut
49181,KRANJI,Sungei Kadut
49189,KRANJI,Sungei Kadut
49199,LIM CHU KANG,Lim Chu Kang
49209,LIM CHU KANG,Lim Chu Kang
49211,LIM CHU KANG,Lim Chu Kang
49219,LIM CHU KANG,Lim Chu Kang
49229,LIM CHU KANG,Lim Chu Kang
49239,LIM CHU KANG,Lim Chu Kang
49249,LIM CHU KANG,Lim Chu Kang
50011,KAMPONG JAVA,Kallang
50019,KAMPONG JAVA,Kallang
50021,MOULMEIN,Novena
50029,MOULMEIN,Novena
50031,MOULMEIN,Novena
50037,BALESTIER,Novena
50038,MOULMEIN,Novena
50041,MALCOLM,Novena
50049,BALESTIER,Novena
50051,MALCOLM,Novena
50059,BALESTIER,Novena
50061,MOULMEIN,Novena
50069,MOULMEIN,Novena
50071,KAMPONG JAVA,Kallang
50079,KAMPONG JAVA,Kallang
50081,KAMPONG JAVA,Kallang
50089,KAMPONG JAVA,Kallang
50111,MOULMEIN,Novena
50119,MOULMEIN,Novena
50121,MOULMEIN,Novena
50129,MOULMEIN,Novena
50159,BALESTIER,Novena
50161,BALESTIER,Novena
50169,BALESTIER,Novena
50171,BALESTIER,Novena
50179,BALESTIER,Novena
50189,BALESTIER,Novena
50191,BALESTIER,Novena
50199,BALESTIER,Novena
50201,BALESTIER,Novena
50209,BALESTIER,Novena
50211,BALESTIER,Novena
50221,BALESTIER,Novena
50229,BALESTIER,Novena
50231,BENDEMEER,Kallang
50239,KAMPONG JAVA,Kallang
50241,BENDEMEER,Kallang
50249,KAMPONG JAVA,Kallang
50251,KAMPONG JAVA,Kallang
50259,LAVENDER,Kallang
50261,KAMPONG JAVA,Kallang
50279,KAMPONG JAVA,Kallang
50301,KAMPONG JAVA,Kallang
50321,KAMPONG JAVA,Kallang
50331,BENDEMEER,Kallang
50349,BENDEMEER,Kallang
50351,KAMPONG JAVA,Kallang
50991,BALESTIER,Novena
51011,MALCOLM,Novena
51019,BALESTIER,Novena
51021,MOUNT PLEASANT,Novena
51029,TOA PAYOH CENTRAL,Toa Payoh
51031,MOUNT PLEASANT,Novena
51039,TOA PAYOH CENTRAL,Toa Payoh
51041,MOUNT PLEASANT,Novena
51049,TOA PAYOH CENTRAL,Toa Payoh
51051,MOUNT PLEASANT,Novena
51059,MARYMOUNT_TOA PAYOH,Toa Payoh
51069,MARYMOUNT_TOA PAYOH,Toa Payoh
51071,CENTRAL WATER CATCHMENT,Central Water Catchment
51079,CENTRAL WATER CATCHMENT,Central Water Catchment
51081,MARYMOUNT_TOA PAYOH,Toa Payoh
51089,MARYMOUNT_TOA PAYOH,Toa Payoh
51091,MOUNT PLEASANT,Novena
51099,MALCOLM,Novena
51101,MOUNT PLEASANT,Novena
51109,MALCOLM,Novena
51111,CENTRAL WATER CATCHMENT,Central Water Catchment
51119,MOUNT PLEASANT,Novena
51131,MARYMOUNT_BISHAN,Bishan
51139,MARYMOUNT_TOA PAYOH,Toa Payoh
52009,TOA PAYOH CENTRAL,Toa Payoh
52011,MARYMOUNT_BISHAN,Bishan
52019,MARYMOUNT_TOA PAYOH,Toa Payoh
52021,BISHAN EAST,Bishan
52029,BRADDELL,Toa Payoh
52031,BISHAN EAST,Bishan
52039,BRADDELL,Toa Payoh
52051,BISHAN EAST,Bishan
52059,KALLANG,Toa Payoh
52061,BISHAN EAST,Bishan
52069,KALLANG,Toa Payoh
52071,TOA PAYOH CENTRAL,Toa Payoh
52079,BALESTIER,Novena
52081,KIM KEAT,Toa Payoh
52089,BALESTIER,Novena
52099,BALESTIER,Novena
52109,BALESTIER,Novena
52129,BALESTIER,Novena
52131,TOA PAYOH CENTRAL,Toa Payoh
52139,TOA PAYOH CENTRAL,Toa Payoh
52141,MARYMOUNT_TOA PAYOH,Toa Payoh
52149,TOA PAYOH CENTRAL,Toa Payoh
52151,MARYMOUNT_TOA PAYOH,Toa Payoh
52159,MARYMOUNT_TOA PAYOH,Toa Payoh
52161,MARYMOUNT_TOA PAYOH,Toa Payoh
52169,MARYMOUNT_TOA PAYOH,Toa Payoh
52171,BRADDELL,Toa Payoh
52179,BRADDELL,Toa Payoh
52181,TOA PAYOH CENTRAL,Toa Payoh
52189,TOA PAYOH CENTRAL,Toa Payoh
52191,TOA PAYOH CENTRAL,Toa Payoh
52199,TOA PAYOH CENTRAL,Toa Payoh
52201,MARYMOUNT_TOA PAYOH,Toa Payoh
52209,BRADDELL,Toa Payoh
52211,MARYMOUNT_TOA PAYOH,Toa Payoh
52219,MARYMOUNT_TOA PAYOH,Toa Payoh
52221,BRADDELL,Toa Payoh
52229,BRADDELL,Toa Payoh
52231,TOA PAYOH CENTRAL,Toa Payoh
52239,TOA PAYOH CENTRAL,Toa Payoh
52241,MARYMOUNT_TOA PAYOH,Toa Payoh
52249,MARYMOUNT_TOA PAYOH,Toa Payoh
52251,TOA PAYOH CENTRAL,Toa Payoh
52259,BOON TECK,Toa Payoh
52261,TOA PAYOH CENTRAL,Toa Payoh
52269,BOON TECK,Toa Payoh
52271,BRADDELL,Toa Payoh
52279,BOON TECK,Toa Payoh
52281,BOON TECK,Toa Payoh
52289,BOON TECK,Toa Payoh
52291,BOON TECK,Toa Payoh
52299,BOON TECK,Toa Payoh
52301,BOON TECK,Toa Payoh
52309,BOON TECK,Toa Payoh
52311,PEI CHUN,Toa Payoh
52319,KIM KEAT,Toa Payoh
52321,TOA PAYOH CENTRAL,Toa Payoh
52329,BOON TECK,Toa Payoh
52331,KIM KEAT,Toa Payoh
52339,BOON TECK,Toa Payoh
52341,PEI CHUN,Toa Payoh
52349,BOON TECK,Toa Payoh
52351,KALLANG,Toa Payoh
52359,BOON TECK,Toa Payoh
52361,KALLANG,Toa Payoh
52369,BRADDELL,Toa Payoh
52371,KALLANG,Toa Payoh
52381,KALLANG,Toa Payoh
52389,PEI CHUN,Toa Payoh
52391,PEI CHUN,Toa Payoh
52399,PEI CHUN,Toa Payoh
52401,BALESTIER,Novena
52409,BALESTIER,Novena
52411,BALESTIER,Novena
52419,BALESTIER,Novena
52429,PEI CHUN,Toa Payoh
52439,PEI CHUN,Toa Payoh
52441,BRADDELL,Toa Payoh
52449,BRADDELL,Toa Payoh
52451,BALESTIER,Novena
52471,BALESTIER,Novena
52479,BALESTIER,Novena
52481,PEI CHUN,Toa Payoh
52489,PEI CHUN,Toa Payoh
52499,BALESTIER,Novena
52501,TOA PAYOH CENTRAL,Toa Payoh
52509,TOA PAYOH CENTRAL,Toa Payoh
52529,KALLANG,Toa Payoh
52539,KALLANG,Toa Payoh
52559,MARYMOUNT_TOA PAYOH,Toa Payoh
53009,BISHAN EAST,Bishan
53011,UPPER THOMSON,Bishan
53019,UPPER THOMSON,Bishan
53021,UPPER THOMSON,Bishan
53029,UPPER THOMSON,Bishan
53039,UPPER THOMSON,Bishan
53041,UPPER THOMSON,Bishan
53049,UPPER THOMSON,Bishan
53051,UPPER THOMSON,Bishan
53059,UPPER THOMSON,Bishan
53061,UPPER THOMSON,Bishan
53069,UPPER THOMSON,Bishan
53071,UPPER THOMSON,Bishan
53079,UPPER THOMSON,Bishan
53081,UPPER THOMSON,Bishan
53089,UPPER THOMSON,Bishan
53091,UPPER THOMSON,Bishan
53099,UPPER THOMSON,Bishan
53111,UPPER THOMSON,Bishan
53119,MARYMOUNT_BISHAN,Bishan
53121,UPPER THOMSON,Bishan
53129,MARYMOUNT_BISHAN,Bishan
53131,UPPER THOMSON,Bishan
53139,MARYMOUNT_BISHAN,Bishan
53141,UPPER THOMSON,Bishan
53149,MARYMOUNT_BISHAN,Bishan
53151,UPPER THOMSON,Bishan
53159,MARYMOUNT_BISHAN,Bishan
53161,UPPER THOMSON,Bishan
53169,MARYMOUNT_BISHAN,Bishan
53171,UPPER THOMSON,Bishan
53179,UPPER THOMSON,Bishan
53181,UPPER THOMSON,Bishan
53189,UPPER THOMSON,Bishan
53191,UPPER THOMSON,Bishan
53199,UPPER THOMSON,Bishan
53201,UPPER THOMSON,Bishan
53209,UPPER THOMSON,Bishan
53211,BISHAN EAST,Bishan
53219,MARYMOUNT_BISHAN,Bishan
53221,BISHAN EAST,Bishan
53229,BISHAN EAST,Bishan
53231,BISHAN EAST,Bishan
53239,MARYMOUNT_BISHAN,Bishan
53241,BISHAN EAST,Bishan
53249,MARYMOUNT_BISHAN,Bishan
53251,BISHAN EAST,Bishan
53259,BISHAN EAST,Bishan
53261,BISHAN EAST,Bishan
53269,BISHAN EAST,Bishan
53271,BISHAN EAST,Bishan
53279,BISHAN EAST,Bishan
53281,BISHAN EAST,Bishan
53289,BISHAN EAST,Bishan
53291,UPPER THOMSON,Bishan
53299,UPPER THOMSON,Bishan
53301,MARYMOUNT_BISHAN,Bishan
53309,MARYMOUNT_BISHAN,Bishan
53311,MARYMOUNT_BISHAN,Bishan
53319,MARYMOUNT_BISHAN,Bishan
53321,UPPER THOMSON,Bishan
53329,UPPER THOMSON,Bishan
53331,UPPER THOMSON,Bishan
53339,UPPER THOMSON,Bishan
53341,UPPER THOMSON,Bishan
53349,UPPER THOMSON,Bishan
53351,UPPER THOMSON,Bishan
53359,UPPER THOMSON,Bishan
53361,UPPER THOMSON,Bishan
53369,UPPER THOMSON,Bishan
53371,MARYMOUNT_BISHAN,Bishan
53379,MARYMOUNT_BISHAN,Bishan
53381,MARYMOUNT_BISHAN,Bishan
53389,MARYMOUNT_BISHAN,Bishan
53391,MARYMOUNT_BISHAN,Bishan
53399,MARYMOUNT_BISHAN,Bishan
53401,BISHAN EAST,Bishan
53409,BISHAN EAST,Bishan
53419,BISHAN EAST,Bishan
54009,TOWN CENTRE,Ang Mo Kio
54011,SHANGRI-LA,Ang Mo Kio
54019,TOWNSVILLE,Ang Mo Kio
54031,KEBUN BAHRU,Ang Mo Kio
54039,TOWN CENTRE,Ang Mo Kio
54041,KEBUN BAHRU,Ang Mo Kio
54049,TOWN CENTRE,Ang Mo Kio
54051,KEBUN BAHRU,Ang Mo Kio
54059,TOWN CENTRE,Ang Mo Kio
54061,SHANGRI-LA,Ang Mo Kio
54069,UPPER THOMSON,Bishan
54071,TOWNSVILLE,Ang Mo Kio
54079,MARYMOUNT_BISHAN,Bishan
54081,TOWNSVILLE,Ang Mo Kio
54089,MARYMOUNT_BISHAN,Bishan
54091,TOWNSVILLE,Ang Mo Kio
54099,MARYMOUNT_BISHAN,Bishan
54101,CHONG BOON,Ang Mo Kio
54109,BISHAN EAST,Bishan
54161,KEBUN BAHRU,Ang Mo Kio
54169,SHANGRI-LA,Ang Mo Kio
54181,SHANGRI-LA,Ang Mo Kio
54189,KEBUN BAHRU,Ang Mo Kio
54191,KEBUN BAHRU,Ang Mo Kio
54199,KEBUN BAHRU,Ang Mo Kio
54201,KEBUN BAHRU,Ang Mo Kio
54209,KEBUN BAHRU,Ang Mo Kio
54211,SHANGRI-LA,Ang Mo Kio
54219,SHANGRI-LA,Ang Mo Kio
54221,KEBUN BAHRU,Ang Mo Kio
54229,SHANGRI-LA,Ang Mo Kio
54231,KEBUN BAHRU,Ang Mo Kio
54239,SHANGRI-LA,Ang Mo Kio
54241,TOWN CENTRE,Ang Mo Kio
54247,TOWNSVILLE,Ang Mo Kio
54248,TOWNSVILLE,Ang Mo Kio
54251,TOWN CENTRE,Ang Mo Kio
54259,YIO CHU KANG,Ang Mo Kio
54261,CHENG SAN,Ang Mo Kio
54269,CHONG BOON,Ang Mo Kio
54271,CHENG SAN,Ang Mo Kio
54279,CHONG BOON,Ang Mo Kio
54281,CHENG SAN,Ang Mo Kio
54289,CHENG SAN,Ang Mo Kio
54291,CHENG SAN,Ang Mo Kio
54299,CHONG BOON,Ang Mo Kio
54301,SERANGOON NORTH,Serangoon
54309,SERANGOON GARDEN,Serangoon
54311,TOWNSVILLE,Ang Mo Kio
54319,CHONG BOON,Ang Mo Kio
54321,TOWNSVILLE,Ang Mo Kio
54329,CHONG BOON,Ang Mo Kio
54331,TOWNSVILLE,Ang Mo Kio
54339,CHONG BOON,Ang Mo Kio
54341,TOWN CENTRE,Ang Mo Kio
54349,CHENG SAN,Ang Mo Kio
54351,YIO CHU KANG,Ang Mo Kio
54359,CHENG SAN,Ang Mo Kio
54369,CHONG BOON,Ang Mo Kio
54371,CHONG BOON,Ang Mo Kio
54379,CHONG BOON,Ang Mo Kio
54381,CHONG BOON,Ang Mo Kio
54389,CHONG BOON,Ang Mo Kio
54391,TOWN CENTRE,Ang Mo Kio
54399,CHENG SAN,Ang Mo Kio
54401,CHENG SAN,Ang Mo Kio
54409,CHENG SAN,Ang Mo Kio
54411,CHENG SAN,Ang Mo Kio
54419,CHENG SAN,Ang Mo Kio
54429,CHENG SAN,Ang Mo Kio
54439,CHENG SAN,Ang Mo Kio
54441,CHENG SAN,Ang Mo Kio
54449,CHENG SAN,Ang Mo Kio
54451,YIO CHU KANG,Ang Mo Kio
54459,KEBUN BAHRU,Ang Mo Kio
54461,YIO CHU KANG,Ang Mo Kio
54469,KEBUN BAHRU,Ang Mo Kio
54471,YIO CHU KANG,Ang Mo Kio
54479,CHENG SAN,Ang Mo Kio
54481,YIO CHU KANG,Ang Mo Kio
54489,CHENG SAN,Ang Mo Kio
54491,SELETAR HILLS,Serangoon
54499,SERANGOON NORTH,Serangoon
54501,SELETAR HILLS,Serangoon
54509,SERANGOON NORTH,Serangoon
54511,SERANGOON NORTH,Serangoon
54519,SERANGOON NORTH,Serangoon
54521,SERANGOON NORTH,Serangoon
54529,SERANGOON NORTH,Serangoon
54531,BISHAN EAST,Bishan
54539,MARYMOUNT_BISHAN,Bishan
54571,CHENG SAN,Ang Mo Kio
54579,CHENG SAN,Ang Mo Kio
54581,CHENG SAN,Ang Mo Kio
54589,CHENG SAN,Ang Mo Kio
54591,SERANGOON NORTH,Serangoon
54599,SERANGOON NORTH,Serangoon
54601,CHONG BOON,Ang Mo Kio
54609,CHONG BOON,Ang Mo Kio
54611,SHANGRI-LA,Ang Mo Kio
54619,UPPER THOMSON,Bishan
54621,SHANGRI-LA,Ang Mo Kio
54629,UPPER THOMSON,Bishan
54631,SERANGOON NORTH,Serangoon
54641,SERANGOON NORTH,Serangoon
54651,SELETAR HILLS,Serangoon
54659,SERANGOON NORTH,Serangoon
55009,YIO CHU KANG,Ang Mo Kio
55011,SINDO,Ang Mo Kio
55019,YIO CHU KANG,Ang Mo Kio
55021,SINDO,Ang Mo Kio
55029,YIO CHU KANG,Ang Mo Kio
55031,SELETAR_ANG MO KIO,Ang Mo Kio
55039,YIO CHU KANG,Ang Mo Kio
55041,SELETAR_ANG MO KIO,Ang Mo Kio
55049,YIO CHU KANG,Ang Mo Kio
55051,SELETAR_ANG MO KIO,Ang Mo Kio
55059,YIO CHU KANG,Ang Mo Kio
55071,SELETAR_ANG MO KIO,Ang Mo Kio
55079,YIO CHU KANG,Ang Mo Kio
55081,SELETAR_ANG MO KIO,Ang Mo Kio
55089,YIO CHU KANG,Ang Mo Kio
55101,JALAN KAYU WEST,Sengkang
55109,SELETAR HILLS,Serangoon
55111,KEBUN BAHRU,Ang Mo Kio
55119,YIO CHU KANG,Ang Mo Kio
55121,SEMBAWANG HILLS,Ang Mo Kio
55129,YIO CHU KANG,Ang Mo Kio
55131,YIO CHU KANG,Ang Mo Kio
55139,YIO CHU KANG,Ang Mo Kio
55141,YIO CHU KANG,Ang Mo Kio
55149,YIO CHU KANG,Ang Mo Kio
55151,YIO CHU KANG,Ang Mo Kio
55159,YIO CHU KANG,Ang Mo Kio
55169,YIO CHU KANG,Ang Mo Kio
55171,YIO CHU KANG,Ang Mo Kio
55179,YIO CHU KANG,Ang Mo Kio
55181,YIO CHU KANG,Ang Mo Kio
55189,YIO CHU KANG,Ang Mo Kio
55199,YIO CHU KANG,Ang Mo Kio
55201,YIO CHU KANG,Ang Mo Kio
55209,YIO CHU KANG,Ang Mo Kio
55211,YIO CHU KANG,Ang Mo Kio
55219,YIO CHU KANG,Ang Mo Kio
55221,YIO CHU KANG,Ang Mo Kio
55229,YIO CHU KANG,Ang Mo Kio
55231,YIO CHU KANG,Ang Mo Kio
55239,YIO CHU KANG,Ang Mo Kio
55241,SINDO,Ang Mo Kio
55249,SELETAR_ANG MO KIO,Ang Mo Kio
55251,SINDO,Ang Mo Kio
55259,SELETAR_ANG MO KIO,Ang Mo Kio
55261,SINDO,Ang Mo Kio
55269,SELETAR_ANG MO KIO,Ang Mo Kio
55271,SPRINGLEAF,Yishun
55279,SELETAR_ANG MO KIO,Ang Mo Kio
55281,SPRINGLEAF,Yishun
55289,LOWER SELETAR,Yishun
55301,YIO CHU KANG,Ang Mo Kio
55309,YIO CHU KANG,Ang Mo Kio
55311,YIO CHU KANG,Ang Mo Kio
55319,YIO CHU KANG,Ang Mo Kio
55321,YIO CHU KANG,Ang Mo Kio
55329,YIO CHU KANG,Ang Mo Kio
55331,SINDO,Ang Mo Kio
55339,SINDO,Ang Mo Kio
55341,SINDO,Ang Mo Kio
55349,SINDO,Ang Mo Kio
55351,SINDO,Ang Mo Kio
55361,SINDO,Ang Mo Kio
55371,SINDO,Ang Mo Kio
55381,SINDO,Ang Mo Kio
55509,YIO CHU KANG,Ang Mo Kio
56019,SEMBAWANG HILLS,Ang Mo Kio
56021,SEMBAWANG HILLS,Ang Mo Kio
56029,SEMBAWANG HILLS,Ang Mo Kio
56031,SEMBAWANG HILLS,Ang Mo Kio
56039,SEMBAWANG HILLS,Ang Mo Kio
56041,SINDO,Ang Mo Kio
56049,SINDO,Ang Mo Kio
56051,SINDO,Ang Mo Kio
56059,SINDO,Ang Mo Kio
56061,SINDO,Ang Mo Kio
56069,SINDO,Ang Mo Kio
56071,SINDO,Ang Mo Kio
56079,SINDO,Ang Mo Kio
56081,CENTRAL WATER CATCHMENT,Central Water Catchment
56089,SINDO,Ang Mo Kio
56091,NEE SOON,Yishun
56099,SPRINGLEAF,Yishun
56191,SINDO,Ang Mo Kio
56199,SEMBAWANG HILLS,Ang Mo Kio
56201,SINDO,Ang Mo Kio
56209,SEMBAWANG HILLS,Ang Mo Kio
56241,KEBUN BAHRU,Ang Mo Kio
56249,SEMBAWANG HILLS,Ang Mo Kio
56251,KEBUN BAHRU,Ang Mo Kio
56259,SEMBAWANG HILLS,Ang Mo Kio
56261,SHANGRI-LA,Ang Mo Kio
56269,UPPER THOMSON,Bishan
56289,SHANGRI-LA,Ang Mo Kio
57011,NEE SOON,Yishun
57019,SPRINGLEAF,Yishun
57021,NEE SOON,Yishun
57029,SPRINGLEAF,Yishun
57031,NEE SOON,Yishun
57039,SPRINGLEAF,Yishun
57041,SPRINGLEAF,Yishun
57049,SPRINGLEAF,Yishun
57051,SUBZONE 2_MANDAI,Mandai
57059,KHATIB,Yishun
57061,SUBZONE 2_MANDAI,Mandai
57069,KHATIB,Yishun
57071,SUBZONE 3_MANDAI,Mandai
57079,KHATIB,Yishun
57081,SUBZONE 3_MANDAI,Mandai
57089,YISHUN WEST,Yishun
57111,SUBZONE 2_MANDAI,Mandai
57119,YISHUN WEST,Yishun
57121,SUBZONE 2_MANDAI,Mandai
57129,YISHUN WEST,Yishun
57131,SEMBAWANG SPRINGS,Sembawang
57139,SEMBAWANG SPRINGS,Sembawang
57141,NEE SOON,Yishun
57149,NEE SOON,Yishun
58009,SEMBAWANG CENTRAL,Sembawang
58011,SEMBAWANG SPRINGS,Sembawang
58019,SEMBAWANG SPRINGS,Sembawang
58021,SEMBAWANG SPRINGS,Sembawang
58029,SEMBAWANG SPRINGS,Sembawang
58041,ADMIRALTY,Sembawang
58049,SEMBAWANG EAST,Sembawang
58051,ADMIRALTY,Sembawang
58059,SEMBAWANG EAST,Sembawang
58061,ADMIRALTY,Sembawang
58069,SEMBAWANG EAST,Sembawang
58071,SEMBAWANG STRAITS,Sembawang
58079,SEMBAWANG STRAITS,Sembawang
58081,SEMBAWANG STRAITS,Sembawang
58089,SEMBAWANG STRAITS,Sembawang
58091,SEMBAWANG STRAITS,Sembawang
58099,SEMBAWANG STRAITS,Sembawang
58101,SEMBAWANG CENTRAL,Sembawang
58109,ADMIRALTY,Sembawang
58111,SEMBAWANG CENTRAL,Sembawang
58119,ADMIRALTY,Sembawang
58121,SEMBAWANG NORTH,Sembawang
58129,ADMIRALTY,Sembawang
58131,SEMBAWANG NORTH,Sembawang
58139,ADMIRALTY,Sembawang
58141,THE WHARVES,Sembawang
58149,SEMBAWANG NORTH,Sembawang
58151,SEMBAWANG CENTRAL,Sembawang
58159,ADMIRALTY,Sembawang
58161,SEMBAWANG NORTH,Sembawang
58169,SEMBAWANG NORTH,Sembawang
58171,THE WHARVES,Sembawang
58179,ADMIRALTY,Sembawang
58181,SEMBAWANG STRAITS,Sembawang
58189,ADMIRALTY,Sembawang
58191,SEMBAWANG STRAITS,Sembawang
58199,ADMIRALTY,Sembawang
58201,SEMBAWANG STRAITS,Sembawang
58209,ADMIRALTY,Sembawang
58211,SEMBAWANG CENTRAL,Sembawang
58219,SEMBAWANG CENTRAL,Sembawang
58221,SEMBAWANG CENTRAL,Sembawang
58229,SEMBAWANG CENTRAL,Sembawang
58241,SEMBAWANG CENTRAL,Sembawang
58249,SEMBAWANG CENTRAL,Sembawang
58251,SEMBAWANG CENTRAL,Sembawang
58259,SEMBAWANG CENTRAL,Sembawang
58271,SEMBAWANG CENTRAL,Sembawang
58279,SEMBAWANG CENTRAL,Sembawang
58281,SEMBAWANG CENTRAL,Sembawang
58289,SEMBAWANG CENTRAL,Sembawang
58291,SEMBAWANG CENTRAL,Sembawang
58299,SEMBAWANG CENTRAL,Sembawang
58301,SENOKO SOUTH,Sembawang
58309,WOODLANDS EAST,Woodlands
58311,SEMBAWANG CENTRAL,Sembawang
58319,SEMBAWANG CENTRAL,Sembawang
58321,SEMBAWANG CENTRAL,Sembawang
58329,ADMIRALTY,Sembawang
58331,ADMIRALTY,Sembawang
58339,ADMIRALTY,Sembawang
58341,SEMBAWANG NORTH,Sembawang
58349,SEMBAWANG NORTH,Sembawang
58351,SEMBAWANG NORTH,Sembawang
58359,SEMBAWANG NORTH,Sembawang
58361,SEMBAWANG NORTH,Sembawang
58369,SEMBAWANG NORTH,Sembawang
58371,SEMBAWANG CENTRAL,Sembawang
58379,SEMBAWANG CENTRAL,Sembawang
58381,SEMBAWANG NORTH,Sembawang
58389,SEMBAWANG CENTRAL,Sembawang
58391,SEMBAWANG CENTRAL,Sembawang
58399,SEMBAWANG SPRINGS,Sembawang
58401,SEMBAWANG NORTH,Sembawang
58409,SEMBAWANG NORTH,Sembawang
58411,SEMBAWANG NORTH,Sembawang
58419,SEMBAWANG NORTH,Sembawang
58421,SEMBAWANG CENTRAL,Sembawang
58429,SEMBAWANG NORTH,Sembawang
58439,WOODLANDS SOUTH,Woodlands
58449,WOODLANDS SOUTH,Woodlands
58451,SEMBAWANG NORTH,Sembawang
58459,SEMBAWANG NORTH,Sembawang
58461,WOODLANDS SOUTH,Woodlands
58479,WOODLANDS SOUTH,Woodlands
58481,ADMIRALTY,Sembawang
58489,ADMIRALTY,Sembawang
58491,ADMIRALTY,Sembawang
58499,ADMIRALTY,Sembawang
58501,ADMIRALTY,Sembawang
58509,ADMIRALTY,Sembawang
59008,YISHUN CENTRAL,Yishun
59009,YISHUN CENTRAL,Yishun
59011,SPRINGLEAF,Yishun
59019,LOWER SELETAR,Yishun
59021,SPRINGLEAF,Yishun
59029,LOWER SELETAR,Yishun
59031,KHATIB,Yishun
59039,YISHUN SOUTH,Yishun
59041,KHATIB,Yishun
59049,YISHUN SOUTH,Yishun
59051,KHATIB,Yishun
59059,YISHUN SOUTH,Yishun
59061,YISHUN WEST,Yishun
59069,YISHUN CENTRAL,Yishun
59072,YISHUN CENTRAL,Yishun
59073,YISHUN CENTRAL,Yishun
59079,YISHUN WEST,Yishun
59081,YISHUN WEST,Yishun
59089,YISHUN WEST,Yishun
59091,YISHUN WEST,Yishun
59099,NORTHLAND,Yishun
59101,YISHUN WEST,Yishun
59109,YISHUN WEST,Yishun
59111,YISHUN WEST,Yishun
59119,YISHUN WEST,Yishun
59121,YISHUN WEST,Yishun
59129,YISHUN WEST,Yishun
59131,YISHUN WEST,Yishun
59139,YISHUN WEST,Yishun
59141,YISHUN WEST,Yishun
59149,YISHUN WEST,Yishun
59159,YISHUN WEST,Yishun
59161,YISHUN CENTRAL,Yishun
59169,NORTHLAND,Yishun
59171,YISHUN EAST,Yishun
59179,NORTHLAND,Yishun
59181,YISHUN EAST,Yishun
59189,NORTHLAND,Yishun
59191,NORTHLAND,Yishun
59199,NORTHLAND,Yishun
59201,NORTHLAND,Yishun
59209,NORTHLAND,Yishun
59211,NORTHLAND,Yishun
59219,NORTHLAND,Yishun
59221,NORTHLAND,Yishun
59229,NORTHLAND,Yishun
59231,NORTHLAND,Yishun
59239,NORTHLAND,Yishun
59241,NORTHLAND,Yishun
59249,NORTHLAND,Yishun
59251,YISHUN WEST,Yishun
59259,NORTHLAND,Yishun
59261,YISHUN WEST,Yishun
59269,YISHUN WEST,Yishun
59271,YISHUN WEST,Yishun
59279,YISHUN WEST,Yishun
59281,YISHUN SOUTH,Yishun
59291,YISHUN SOUTH,Yishun
59301,YISHUN WEST,Yishun
59309,YISHUN WEST,Yishun
59311,YISHUN WEST,Yishun
59319,YISHUN WEST,Yishun
59321,KHATIB,Yishun
59329,KHATIB,Yishun
59331,YISHUN WEST,Yishun
59339,KHATIB,Yishun
59341,YISHUN CENTRAL,Yishun
59349,YISHUN SOUTH,Yishun
59351,YISHUN CENTRAL,Yishun
59359,YISHUN EAST,Yishun
59361,YISHUN SOUTH,Yishun
59369,YISHUN SOUTH,Yishun
59371,YISHUN SOUTH,Yishun
59379,YISHUN SOUTH,Yishun
59381,YISHUN EAST,Yishun
59389,YISHUN EAST,Yishun
59391,YISHUN EAST,Yishun
59399,YISHUN EAST,Yishun
59401,YISHUN EAST,Yishun
59409,YISHUN EAST,Yishun
59411,YISHUN EAST,Yishun
59419,YISHUN EAST,Yishun
59421,YISHUN SOUTH,Yishun
59429,YISHUN SOUTH,Yishun
59431,YISHUN SOUTH,Yishun
59439,YISHUN SOUTH,Yishun
59441,LOWER SELETAR,Yishun
59449,YISHUN SOUTH,Yishun
59451,YISHUN EAST,Yishun
59459,YISHUN SOUTH,Yishun
59461,YISHUN EAST,Yishun
59469,YISHUN EAST,Yishun
59471,YISHUN EAST,Yishun
59481,YISHUN SOUTH,Yishun
59499,YISHUN SOUTH,Yishun
59501,YISHUN SOUTH,Yishun
59511,YISHUN WEST,Yishun
59521,YISHUN WEST,Yishun
59529,NORTHLAND,Yishun
59541,YISHUN WEST,Yishun
59549,KHATIB,Yishun
59551,YISHUN WEST,Yishun
59559,KHATIB,Yishun
59561,KHATIB,Yishun
59569,KHATIB,Yishun
59571,YISHUN SOUTH,Yishun
59579,YISHUN EAST,Yishun
59581,YISHUN EAST,Yishun
59591,YISHUN EAST,Yishun
59599,YISHUN EAST,Yishun
59601,YISHUN EAST,Yishun
59609,YISHUN EAST,Yishun
59611,YISHUN CENTRAL,Yishun
59619,YISHUN CENTRAL,Yishun
59621,YISHUN EAST,Yishun
59631,YISHUN SOUTH,Yishun
59639,YISHUN EAST,Yishun
59641,YISHUN EAST,Yishun
60011,KALLANG BAHRU,Kallang
60019,KALLANG BAHRU,Kallang
60021,KALLANG BAHRU,Kallang
60029,KALLANG BAHRU,Kallang
60031,GEYLANG BAHRU,Kallang
60039,GEYLANG BAHRU,Kallang
60051,KALLANG BAHRU,Kallang
60059,KALLANG BAHRU,Kallang
60061,KALLANG WAY,Geylang
60069,GEYLANG BAHRU,Kallang
60071,KALLANG WAY,Geylang
60079,GEYLANG BAHRU,Kallang
60081,POTONG PASIR,Toa Payoh
60089,BENDEMEER,Kallang
60099,KALLANG BAHRU,Kallang
60101,BENDEMEER,Kallang
60119,KALLANG BAHRU,Kallang
60121,BENDEMEER,Kallang
60139,BENDEMEER,Kallang
60141,BENDEMEER,Kallang
60159,GEYLANG BAHRU,Kallang
60161,BENDEMEER,Kallang
60179,GEYLANG BAHRU,Kallang
60181,BENDEMEER,Kallang
60191,BENDEMEER,Kallang
60199,BENDEMEER,Kallang
60201,POTONG PASIR,Toa Payoh
60209,SENNETT,Toa Payoh
60211,SENNETT,Toa Payoh
60219,KALLANG WAY,Geylang
60221,GEYLANG BAHRU,Kallang
60229,GEYLANG BAHRU,Kallang
60241,BENDEMEER,Kallang
60249,BENDEMEER,Kallang
60251,BENDEMEER,Kallang
60261,POTONG PASIR,Toa Payoh
60269,SENNETT,Toa Payoh
61009,POTONG PASIR,Toa Payoh
61011,POTONG PASIR,Toa Payoh
61019,SENNETT,Toa Payoh
61021,WOODLEIGH,Toa Payoh
61029,SENNETT,Toa Payoh
61031,WOODLEIGH,Toa Payoh
61039,SENNETT,Toa Payoh
61041,WOODLEIGH,Toa Payoh
61049,BIDADARI,Toa Payoh
61051,BIDADARI,Toa Payoh
61059,SENNETT,Toa Payoh
61061,POTONG PASIR,Toa Payoh
61069,POTONG PASIR,Toa Payoh
61079,POTONG PASIR,Toa Payoh
61089,POTONG PASIR,Toa Payoh
61099,POTONG PASIR,Toa Payoh
61101,POTONG PASIR,Toa Payoh
62011,SERANGOON CENTRAL,Serangoon
62019,TAI KENG,Hougang
62029,TAI KENG,Hougang
62031,SERANGOON CENTRAL,Serangoon
62039,TAI KENG,Hougang
62041,SERANGOON CENTRAL,Serangoon
62049,TAI KENG,Hougang
62051,SERANGOON CENTRAL,Serangoon
62059,LORONG AH SOO,Hougang
62061,PAYA LEBAR,Toa Payoh
62069,SERANGOON CENTRAL,Serangoon
62071,BIDADARI,Toa Payoh
62079,SERANGOON CENTRAL,Serangoon
62081,BIDADARI,Toa Payoh
62089,SERANGOON CENTRAL,Serangoon
62091,BIDADARI,Toa Payoh
62099,SERANGOON CENTRAL,Serangoon
62101,BIDADARI,Toa Payoh
62109,SERANGOON CENTRAL,Serangoon
62111,SERANGOON CENTRAL,Serangoon
62119,SERANGOON CENTRAL,Serangoon
62121,SERANGOON CENTRAL,Serangoon
62129,SERANGOON CENTRAL,Serangoon
62131,SERANGOON CENTRAL,Serangoon
62139,SERANGOON CENTRAL,Serangoon
62141,SERANGOON CENTRAL,Serangoon
62149,SERANGOON CENTRAL,Serangoon
62151,SERANGOON CENTRAL,Serangoon
62159,SERANGOON CENTRAL,Serangoon
62161,SERANGOON CENTRAL,Serangoon
62169,SERANGOON CENTRAL,Serangoon
62171,SERANGOON CENTRAL,Serangoon
62179,SERANGOON CENTRAL,Serangoon
62189,SERANGOON CENTRAL,Serangoon
62219,LORONG AH SOO,Hougang
62221,TAI KENG,Houga